participant.label,conjoint_app.1.player.id_in_group,conjoint_app.1.player.role,conjoint_app.1.player.payoff,conjoint_app.1.player.device_type,conjoint_app.1.player.operating_system,conjoint_app.1.player.browser,conjoint_app.1.player.lang,conjoint_app.1.player.language,conjoint_app.1.player.use_of_device,conjoint_app.1.player.time_start,conjoint_app.1.group.id_in_subsession,conjoint_app.1.subsession.round_number,demographic_app.1.player.id_in_group,demographic_app.1.player.role,demographic_app.1.player.payoff,demographic_app.1.player.rent,demographic_app.1.player.income,demographic_app.1.player.edu_father,demographic_app.1.player.edu_mother,demographic_app.1.player.ocu_father,demographic_app.1.player.ocu_mother,demographic_app.1.player.age,demographic_app.1.player.gender,demographic_app.1.player.postcode,demographic_app.1.player.tutorial,demographic_app.1.player.grade,demographic_app.1.group.id_in_subsession,demographic_app.1.subsession.round_number,network_app.1.player.participantcode,political_app.1.player.id_in_group,political_app.1.player.role,political_app.1.player.payoff,political_app.1.player.sunday_poll,political_app.1.player.sunday_party_vote,political_app.1.player.sunday_not_eligible,political_app.1.player.noteligible_sunday_party_vote,political_app.1.player.scalo_cdu,political_app.1.player.scalo_csu,political_app.1.player.scalo_spd,political_app.1.player.scalo_gruene,political_app.1.player.scalo_fdp,political_app.1.player.scalo_afd,political_app.1.player.scalo_linke,political_app.1.player.scalo_bsw,political_app.1.player.scalo_pep1,political_app.1.player.scalo_pep2,political_app.1.player.scalo_pep3,political_app.1.player.scalo_pep4,political_app.1.player.scalo_pep5,political_app.1.player.scalo_pep6,political_app.1.player.scalo_pep7,political_app.1.player.scalo_pep8,political_app.1.player.scalo_pep9,political_app.1.player.scalo_pep10,political_app.1.player.scalo_pep11,political_app.1.player.scalo_pep12,political_app.1.player.scalo_pep13,political_app.1.player.scalo_pep14,political_app.1.player.scalo_pep15,political_app.1.player.scalo_pep16,political_app.1.player.politics_question_one,political_app.1.player.politics_question_two,political_app.1.player.politics_question_three,political_app.1.player.politics_question_four,political_app.1.player.politics_question_five,political_app.1.player.politics_question_six,political_app.1.player.politics_question_seven,political_app.1.player.lr_CDU,political_app.1.player.lr_CSU,political_app.1.player.lr_SPD,political_app.1.player.lr_Gruene,political_app.1.player.lr_FDP,political_app.1.player.lr_Linke,political_app.1.player.lr_AfD,political_app.1.player.lr_BSW,political_app.1.group.id_in_subsession,political_app.1.subsession.round_number
,2,,0.0,3.0,2.0,3.0,1.0,,2.0,2024-11-12T22:30:24.070Z,1,1,2,,0.0,,,3.0,2.0,0.0,0.0,45.0,2.0,45.0,5.0,3.0,1,1,wer,2,,0.0,2.0,,,,-3.0,-2.0,2.0,,,,,,-5,2,2,-999,-999,-999,-999,-999,-999,-999,-999,-999,-999,-999,-999,-999,5,-999,-999,-999,-999,-999,-999,3,6,9,8,10,-999,-999,-999,1,1
,3,,0.0,3.0,2.0,3.0,0.0,,2.0,2024-11-12T22:32:06.979Z,1,1,3,,0.0,,,2.0,1.0,0.0,1.0,56.0,1.0,56.0,5.0,2.7,1,1,ttz,3,,0.0,,,,,,,,,,,,,-999,-999,-999,-999,-999,-999,-999,-999,-999,-999,-999,-999,-999,-999,-999,-999,-999,-999,-999,-999,-999,-999,-999,-999,-999,-999,-999,-999,1,-999,-999,1,1
,4,,0.0,3.0,2.0,3.0,0.0,,1.0,2024-11-13T09:22:47.197Z,1,1,4,,0.0,,,1.0,1.0,1.0,1.0,22.0,1.0,88.0,6.0,-888.0,1,1,kru,4,,0.0,1.0,3.0,,,-1.0,-1.0,0.0,2.0,0.0,-5.0,1.0,-3.0,0,5,0,0,-3,1,-5,0,0,-5,-5,1,2,-5,-2,-1,4,2,4,2,2,4,4,6,6,5,4,3,3,11,8,1,1
,6,,0.0,2.0,5.0,3.0,0.0,,3.0,2024-11-13T09:23:05.971Z,1,1,6,,0.0,,,1.0,1.0,0.0,0.0,27.0,1.0,89.0,4.0,2.7,1,1,4yx,6,,0.0,1.0,3.0,,,1.0,-3.0,2.0,4.0,-4.0,-5.0,1.0,-4.0,1,2,5,-4,-5,2,-4,5,2,-5,-5,-2,5,-5,-4,-1,2,2,4,2,5,5,5,7,9,6,5,8,3,10,8,1,1
,7,,0.0,3.0,2.0,3.0,0.0,,1.0,2024-11-13T09:23:10.263Z,1,1,7,,0.0,,,4.0,4.0,0.0,1.0,19.0,2.0,78.0,6.0,3.7,1,1,qew,7,,0.0,1.0,5.0,,,-5.0,-5.0,-2.0,0.0,-4.0,-5.0,4.0,-5.0,-1,-2,0,-4,-4,0,-5,0,2,-5,-5,-4,1,-5,-5,-5,5,4,4,4,4,4,4,10,10,6,4,8,2,11,10,1,1
,8,,0.0,3.0,2.0,3.0,0.0,,1.0,2024-11-13T09:23:12.231Z,1,1,8,,0.0,,,4.0,4.0,1.0,1.0,19.0,2.0,76.0,1.0,2.0,1,1,k9w,8,,0.0,1.0,3.0,,,2.0,1.0,4.0,4.0,-3.0,-5.0,-5.0,-5.0,2,2,2,-2,-3,0,-5,4,2,-5,-5,-1,0,-5,-5,-999,3,3,4,4,4,5,4,8,9,7,6,5,2,11,1,1,1
,9,,0.0,3.0,2.0,3.0,0.0,,1.0,2024-11-13T09:23:11.995Z,1,1,9,,0.0,,,4.0,4.0,1.0,1.0,20.0,2.0,79.0,4.0,3.0,1,1,3ab,9,,0.0,1.0,1.0,,,-1.0,-1.0,3.0,3.0,-2.0,-5.0,-3.0,-4.0,2,4,1,-1,-1,0,-5,3,2,-5,-5,-3,1,-5,-5,-3,5,4,4,4,4,4,3,7,8,5,4,8,1,11,2,1,1
,10,,0.0,3.0,1.0,2.0,0.0,,1.0,2024-11-13T09:23:13.113Z,1,1,10,,0.0,,,4.0,2.0,0.0,1.0,19.0,1.0,50.0,2.0,2.7,1,1,ngv,10,,0.0,1.0,5.0,,,-4.0,-5.0,2.0,3.0,-5.0,-5.0,4.0,-5.0,1,1,2,-5,-5,3,-5,2,4,-5,-5,-5,2,-5,-5,-5,4,2,4,3,5,5,4,9,10,5,5,6,2,11,9,1,1
,11,,0.0,2.0,4.0,3.0,0.0,,3.0,2024-11-13T09:23:12.620Z,1,1,11,,0.0,,,3.0,2.0,0.0,1.0,26.0,1.0,78.0,5.0,4.0,1,1,k4w,11,,0.0,1.0,2.0,,,2.0,3.0,0.0,0.0,-3.0,-5.0,-4.0,-5.0,0,1,1,-1,0,2,-3,2,0,-3,-5,3,-2,-5,-5,-5,4,3,4,3,3,5,4,6,7,5,4,7,1,10,11,1,1
,13,,0.0,3.0,1.0,3.0,0.0,,1.0,2024-11-13T09:23:16.504Z,1,1,13,,0.0,,,1.0,0.0,1.0,1.0,19.0,1.0,73.0,4.0,2.3,1,1,dnk,13,,0.0,1.0,3.0,,,-4.0,-4.0,3.0,4.0,-5.0,-5.0,0.0,-3.0,-2,2,1,-4,-5,0,-5,3,1,-5,-5,-4,4,-5,-4,-5,4,2,5,2,5,5,5,9,10,5,4,8,3,11,10,1,1
,14,,0.0,3.0,2.0,3.0,0.0,,1.0,2024-11-13T09:23:17.509Z,1,1,14,,0.0,,,4.0,4.0,1.0,0.0,19.0,2.0,0.0,7.0,2.3,1,1,tdq,14,,0.0,4.0,,1.0,1.0,2.0,0.0,4.0,3.0,-2.0,-5.0,3.0,-5.0,4,2,5,-3,-4,0,-5,4,1,-5,-5,3,1,-5,-5,-5,4,4,3,4,5,5,4,5,6,3,3,5,2,10,9,1,1
,15,,0.0,3.0,1.0,4.0,0.0,,1.0,2024-11-13T09:23:18.818Z,1,1,15,,0.0,,,1.0,3.0,0.0,0.0,27.0,2.0,78.0,6.0,-888.0,1,1,rf4,15,,0.0,3.0,,,,-2.0,-3.0,0.0,-1.0,-2.0,-3.0,0.0,0.0,-4,-3,-3,-4,-4,0,-3,-3,0,-4,-5,-4,-4,-4,-3,-5,4,2,4,2,3,3,-888,7,8,6,5,8,3,9,4,1,1
,16,,0.0,3.0,2.0,3.0,0.0,,1.0,2024-11-13T09:23:18.689Z,1,1,16,,0.0,,,3.0,1.0,1.0,1.0,25.0,1.0,88.0,4.0,2.3,1,1,b3p,16,,0.0,1.0,3.0,,,1.0,1.0,4.0,5.0,-3.0,-5.0,-4.0,-5.0,2,3,3,-3,0,5,-5,5,4,-5,-5,-4,4,-5,-5,1,4,4,3,3,4,5,4,5,5,4,3,6,2,11,1,1,1
,17,,0.0,3.0,2.0,3.0,0.0,,2.0,2024-11-13T09:23:18.552Z,1,1,17,,0.0,,,1.0,1.0,1.0,1.0,22.0,1.0,78.0,4.0,2.0,1,1,4x3,17,,0.0,1.0,8.0,,,1.0,1.0,4.0,3.0,2.0,-5.0,-4.0,0.0,4,5,5,2,1,-2,-5,1,5,-5,-5,0,-4,-5,-4,0,5,2,5,4,5,5,5,6,6,7,2,8,1,11,6,1,1
,18,,0.0,3.0,2.0,3.0,0.0,,1.0,2024-11-13T09:23:18.798Z,1,1,18,,0.0,,,2.0,4.0,1.0,1.0,21.0,2.0,64.0,2.0,1.3,1,1,gcu,18,,0.0,1.0,3.0,,,-1.0,-3.0,3.0,4.0,-2.0,-5.0,1.0,-4.0,2,1,4,-1,-3,0,-5,5,-4,-5,-5,-3,-999,-5,-4,-4,4,2,4,4,4,4,4,7,8,5,4,6,2,10,-999,1,1
,19,,0.0,2.0,4.0,3.0,0.0,,3.0,2024-11-13T09:23:22.582Z,1,1,19,,0.0,,,1.0,1.0,1.0,1.0,23.0,2.0,89.0,-999.0,3.0,1,1,c9f,19,,0.0,1.0,1.0,,,1.0,0.0,4.0,4.0,-3.0,-5.0,0.0,-5.0,1,4,1,-3,0,5,-5,2,5,-5,-5,2,1,-5,-5,-4,3,1,3,1,2,4,2,6,6,5,4,7,3,11,1,1,1
,20,,0.0,3.0,2.0,3.0,0.0,,1.0,2024-11-13T09:23:19.758Z,1,1,20,,0.0,,,4.0,4.0,1.0,1.0,19.0,1.0,88.0,2.0,2.7,1,1,yuc,20,,0.0,1.0,3.0,,,-4.0,-1.0,0.0,2.0,-3.0,-5.0,4.0,-888.0,-999,3,-999,-2,-5,1,-5,3,0,-5,-5,0,0,-4,0,0,4,1,4,1,4,4,4,9,7,5,4,6,1,11,6,1,1
,21,,0.0,3.0,1.0,5.0,0.0,,1.0,2024-11-13T09:23:19.414Z,1,1,21,,0.0,,,1.0,1.0,1.0,1.0,19.0,1.0,71.0,5.0,3.0,1,1,ent,21,,0.0,1.0,5.0,,,-3.0,-4.0,3.0,3.0,-2.0,-5.0,5.0,-5.0,3,3,3,-3,-4,1,-5,4,4,-5,-5,-4,4,-5,-5,-5,4,3,5,4,4,5,5,8,9,4,5,8,2,11,10,1,1
,23,,0.0,2.0,4.0,3.0,0.0,,2.0,2024-11-13T09:23:21.713Z,1,1,23,,0.0,,,4.0,1.0,1.0,0.0,21.0,2.0,83.0,1.0,2.3,1,1,eh3,23,,0.0,1.0,2.0,,,5.0,5.0,-2.0,-1.0,4.0,-5.0,-5.0,-2.0,-4,1,-1,5,5,-2,-2,-2,-4,-5,-5,5,-3,-5,-5,-1,4,2,4,2,5,5,5,7,8,4,5,6,1,11,9,1,1
,25,,0.0,3.0,1.0,3.0,0.0,,1.0,2024-11-13T09:23:21.458Z,1,1,25,,0.0,,,1.0,1.0,1.0,1.0,19.0,1.0,97.0,6.0,2.3,1,1,bs3,25,,0.0,1.0,1.0,,,-4.0,-4.0,5.0,4.0,3.0,-5.0,3.0,-5.0,3,5,3,1,-5,3,-5,4,2,-5,-5,0,2,-5,-5,-2,4,4,4,4,4,4,4,8,8,5,5,6,2,11,10,1,1
,26,,0.0,3.0,2.0,3.0,0.0,,2.0,2024-11-13T09:23:21.488Z,1,1,26,,0.0,,,2.0,2.0,1.0,1.0,21.0,1.0,89.0,2.0,2.3,1,1,t94,26,,0.0,1.0,3.0,,,-1.0,-1.0,2.0,2.0,-3.0,-5.0,-3.0,-3.0,0,4,0,-3,-5,3,-4,4,5,-5,-5,2,2,-4,-999,-5,5,1,5,1,5,4,4,7,8,5,3,9,1,11,2,1,1
,27,,0.0,3.0,1.0,5.0,0.0,,1.0,2024-11-13T09:23:22.959Z,1,1,27,,0.0,,,3.0,3.0,1.0,1.0,18.0,2.0,71.0,2.0,-888.0,1,1,gye,27,,0.0,1.0,3.0,,,-3.0,-5.0,-3.0,1.0,-5.0,-5.0,-5.0,-5.0,-5,-3,-888,-5,-5,0,-5,2,-5,-5,-5,-5,1,-5,-5,-5,3,1,4,2,5,5,4,8,10,4,5,8,1,11,11,1,1
,28,,0.0,3.0,2.0,3.0,1.0,,1.0,2024-11-13T09:23:22.307Z,1,1,28,,0.0,,,4.0,4.0,1.0,1.0,21.0,1.0,0.0,-999.0,3.7,1,1,tpu,28,,0.0,4.0,,1.0,3.0,-888.0,-888.0,-888.0,-888.0,-888.0,-888.0,-888.0,-888.0,-888,1,-888,-888,-888,0,-5,-888,3,-5,-888,-888,-888,-888,-888,-4,2,-888,3,3,2,2,3,8,8,4,5,6,6,6,6,1,1
,29,,0.0,2.0,5.0,3.0,0.0,,3.0,2024-11-13T09:23:23.611Z,1,1,29,,0.0,,,4.0,2.0,1.0,0.0,21.0,2.0,0.0,6.0,2.7,1,1,wfr,29,,0.0,1.0,2.0,,,4.0,5.0,2.0,-5.0,4.0,0.0,-5.0,-5.0,1,2,-4,-1,4,0,-2,0,-5,-5,-1,5,-5,2,-5,-1,3,2,4,3,5,4,3,6,7,5,4,7,1,10,4,1,1
,30,,0.0,3.0,2.0,3.0,0.0,,2.0,2024-11-13T09:23:25.074Z,1,1,30,,0.0,,,4.0,4.0,1.0,1.0,23.0,1.0,78.0,2.0,2.3,1,1,m49,30,,0.0,1.0,3.0,,,-4.0,-5.0,-2.0,4.0,-5.0,-5.0,-2.0,-5.0,-3,2,0,-5,-5,4,-5,2,0,-5,-5,-5,4,-5,-5,-5,4,3,4,3,4,4,4,9,10,7,5,8,2,11,2,1,1
,33,,0.0,3.0,1.0,3.0,0.0,,1.0,2024-11-13T09:23:27.783Z,1,1,33,,0.0,,,4.0,-999.0,1.0,0.0,19.0,1.0,78.0,3.0,3.7,1,1,ugr,33,,0.0,1.0,3.0,,,-4.0,-4.0,3.0,4.0,1.0,-5.0,0.0,-5.0,3,5,3,-4,-5,1,-5,4,2,-5,-5,-4,3,-5,-5,-4,4,4,5,3,4,4,3,8,9,5,3,7,2,11,9,1,1
,34,,0.0,3.0,3.0,3.0,0.0,,2.0,2024-11-13T09:23:26.156Z,1,1,34,,0.0,,,1.0,1.0,1.0,1.0,19.0,1.0,88.0,2.0,2.7,1,1,yg9,34,,0.0,1.0,7.0,,,-4.0,-4.0,-4.0,-3.0,-4.0,-3.0,-4.0,0.0,-4,3,-5,-4,-5,-5,-5,0,0,-5,0,-1,-3,-5,0,0,4,4,4,1,4,4,3,10,10,10,10,10,1,11,6,1,1
,36,,0.0,3.0,1.0,5.0,1.0,,1.0,2024-11-13T09:23:38.550Z,1,1,36,,0.0,,,4.0,4.0,1.0,1.0,22.0,1.0,0.0,1.0,4.0,1,1,xyb,36,,0.0,4.0,,1.0,3.0,-2.0,-2.0,-2.0,2.0,-4.0,-5.0,2.0,-4.0,-3,-3,-888,-888,-888,0,-5,-888,3,-5,-888,-888,-888,-888,-888,-5,2,-888,2,2,2,2,4,8,8,6,3,7,2,11,8,1,1
,37,,0.0,3.0,2.0,3.0,0.0,,2.0,2024-11-13T09:23:25.354Z,1,1,37,,0.0,,,4.0,3.0,1.0,1.0,18.0,1.0,88.0,4.0,3.0,1,1,ktd,37,,0.0,1.0,3.0,,,1.0,0.0,4.0,5.0,-2.0,-5.0,4.0,-5.0,3,5,3,-2,-3,0,-5,3,4,-5,-5,0,1,-5,-4,-888,4,3,4,2,4,4,4,7,7,5,4,7,2,11,9,1,1
,38,,0.0,3.0,2.0,3.0,0.0,,2.0,2024-11-13T09:23:26.330Z,1,1,38,,0.0,,,1.0,1.0,1.0,1.0,20.0,2.0,77.0,1.0,3.0,1,1,mry,38,,0.0,1.0,1.0,,,1.0,1.0,2.0,-1.0,1.0,-5.0,-4.0,-4.0,1,3,4,2,-3,3,-5,2,0,-5,-5,0,0,-5,-4,-1,4,4,4,2,4,4,3,7,7,6,6,7,2,10,3,1,1
,39,,0.0,3.0,2.0,3.0,0.0,,2.0,2024-11-13T09:23:26.643Z,1,1,39,,0.0,,,2.0,2.0,1.0,1.0,19.0,1.0,78.0,7.0,2.0,1,1,dss,39,,0.0,4.0,,1.0,8.0,1.0,1.0,1.0,0.0,0.0,-3.0,2.0,-888.0,0,2,0,0,0,-888,0,-888,-1,-2,0,0,-888,-888,-888,-888,4,3,3,4,4,5,4,-999,-999,-999,-999,-999,-999,-999,-999,1,1
,40,,0.0,3.0,2.0,3.0,0.0,,1.0,2024-11-13T09:23:26.885Z,1,1,40,,0.0,,,3.0,0.0,0.0,0.0,22.0,1.0,79.0,7.0,2.0,1,1,qay,40,,0.0,1.0,5.0,,,0.0,0.0,3.0,2.0,1.0,-5.0,3.0,-888.0,-4,2,-4,-4,0,3,-5,4,0,-5,-888,-4,3,-5,-5,-5,3,-888,4,2,4,3,4,-999,-999,-999,-999,-999,-999,-999,-999,1,1
,41,,0.0,3.0,2.0,3.0,0.0,,2.0,2024-11-13T09:23:27.190Z,1,1,41,,0.0,,,1.0,1.0,1.0,1.0,20.0,2.0,72.0,2.0,2.7,1,1,hn9,41,,0.0,1.0,6.0,,,-2.0,-2.0,-4.0,-5.0,0.0,3.0,-5.0,-5.0,-4,-5,-3,2,-4,-5,4,-5,-4,0,5,2,-5,3,-5,-5,4,1,5,1,5,5,5,3,3,2,1,6,1,9,1,1,1
,42,,0.0,3.0,3.0,3.0,0.0,,2.0,2024-11-13T09:23:28.159Z,1,1,42,,0.0,,,3.0,1.0,1.0,1.0,19.0,1.0,78.0,1.0,2.7,1,1,qx3,42,,0.0,1.0,1.0,,,-4.0,-5.0,4.0,3.0,-4.0,-5.0,1.0,-5.0,3,3,2,-5,-5,0,-5,4,-2,-5,-5,-5,4,-5,-2,-5,5,3,5,3,4,3,4,8,9,5,3,8,2,11,9,1,1
,43,,0.0,3.0,2.0,3.0,0.0,,2.0,2024-11-13T09:23:28.904Z,1,1,43,,0.0,,,3.0,3.0,1.0,1.0,21.0,2.0,64.0,4.0,2.3,1,1,mcb,43,,0.0,1.0,4.0,,,2.0,2.0,-4.0,-4.0,4.0,-4.0,-5.0,-5.0,-5,-2,-4,3,2,0,0,-4,-5,-5,-5,-3,-1,-5,-5,1,5,2,5,3,4,4,4,6,7,5,4,6,1,10,1,1,1
,45,,0.0,2.0,4.0,3.0,0.0,,2.0,2024-11-13T09:23:05.811Z,1,1,45,,0.0,,,2.0,2.0,1.0,1.0,24.0,1.0,22.0,1.0,-888.0,1,1,ryn,45,,0.0,1.0,3.0,,,1.0,-1.0,3.0,3.0,-1.0,-4.0,2.0,-3.0,-1,1,3,-1,-2,3,-1,3,3,-4,-5,-1,1,-4,-1,-4,4,2,3,2,4,4,4,7,8,4,3,6,2,10,7,1,1
,46,,0.0,2.0,4.0,3.0,0.0,,2.0,2024-11-13T09:23:31.384Z,1,1,46,,0.0,,,4.0,4.0,1.0,1.0,19.0,1.0,45.0,3.0,2.0,1,1,nut,46,,0.0,1.0,4.0,,,-3.0,-4.0,3.0,1.0,5.0,-5.0,-2.0,-5.0,1,4,-4,3,-5,3,-5,1,-3,-5,-5,-3,2,-5,-5,-1,4,4,5,3,4,4,4,8,9,5,2,6,1,11,10,1,1
,47,,0.0,3.0,2.0,3.0,0.0,,2.0,2024-11-13T09:23:29.564Z,1,1,47,,0.0,,,1.0,1.0,1.0,1.0,23.0,2.0,71.0,1.0,2.7,1,1,fqt,47,,0.0,1.0,3.0,,,-3.0,-4.0,-3.0,3.0,-4.0,-5.0,2.0,-4.0,-4,-3,-2,-5,-4,1,-5,-1,0,-5,-5,-5,-3,-5,-5,-5,4,2,4,4,4,4,4,8,9,7,5,9,2,11,9,1,1
,48,,0.0,2.0,5.0,3.0,0.0,,2.0,2024-11-13T09:23:30.062Z,1,1,48,,0.0,,,0.0,0.0,-999.0,0.0,24.0,1.0,78.0,7.0,2.0,1,1,hof,48,,0.0,1.0,3.0,,,1.0,1.0,1.0,1.0,4.0,-4.0,4.0,1.0,1,1,1,1,1,1,-2,1,2,-999,-1,2,2,0,0,1,3,3,3,3,3,3,3,7,7,7,7,7,7,7,7,1,1
,49,,0.0,3.0,2.0,3.0,0.0,,2.0,2024-11-13T09:23:30.401Z,1,1,49,,0.0,,,-999.0,1.0,0.0,1.0,19.0,2.0,78.0,1.0,2.7,1,1,mdx,49,,0.0,1.0,2.0,,,-2.0,-3.0,-3.0,-5.0,-2.0,-5.0,0.0,-3.0,-3,-3,1,1,-4,-3,-2,-4,1,-3,-4,0,-3,-2,-2,-5,4,2,5,2,4,4,4,6,7,5,4,7,3,10,8,1,1
,51,,0.0,2.0,4.0,3.0,0.0,,3.0,2024-11-13T09:23:31.673Z,1,1,51,,0.0,,,3.0,1.0,1.0,1.0,19.0,2.0,70.0,5.0,2.7,1,1,bqr,51,,0.0,1.0,5.0,,,-2.0,-3.0,2.0,2.0,-2.0,-5.0,3.0,-2.0,-2,0,1,-2,-3,3,-4,3,5,-5,-5,-3,0,-4,-1,-5,4,3,4,3,4,4,4,7,8,6,5,7,3,10,8,1,1
,52,,0.0,2.0,5.0,3.0,0.0,,2.0,2024-11-13T09:23:31.961Z,1,1,52,,0.0,,,1.0,4.0,1.0,1.0,19.0,1.0,72.0,3.0,3.3,1,1,spg,52,,0.0,1.0,1.0,,,1.0,-2.0,4.0,4.0,2.0,-5.0,3.0,-3.0,4,3,3,-1,-2,1,-5,4,0,-5,-5,-3,3,-5,-2,-4,4,3,5,4,4,4,4,8,9,5,4,7,2,11,3,1,1
,53,,0.0,3.0,1.0,3.0,0.0,,1.0,2024-11-13T09:23:42.710Z,1,1,53,,0.0,,,4.0,2.0,1.0,1.0,22.0,2.0,72.0,7.0,3.3,1,1,4yf,53,,0.0,1.0,5.0,,,-4.0,-4.0,-3.0,3.0,-1.0,-5.0,0.0,-5.0,-4,0,3,-4,-4,-1,-5,-2,4,-5,-5,-3,-3,-5,-3,-888,4,1,3,1,5,4,4,7,8,4,3,6,2,11,7,1,1
,54,,0.0,3.0,2.0,3.0,0.0,,1.0,2024-11-13T09:23:32.733Z,1,1,54,,0.0,,,3.0,2.0,1.0,1.0,22.0,1.0,78.0,6.0,2.0,1,1,hvs,54,,0.0,1.0,2.0,,,2.0,2.0,-2.0,-5.0,2.0,-1.0,-5.0,-5.0,-3,-3,-5,0,-5,-2,4,-5,-5,-5,-5,0,-5,-5,-3,-5,4,2,3,3,4,4,4,8,8,2,1,5,1,11,6,1,1
,55,,0.0,3.0,2.0,3.0,0.0,,2.0,2024-11-13T09:23:32.637Z,1,1,55,,0.0,,,-999.0,3.0,1.0,1.0,20.0,1.0,67.0,7.0,-888.0,1,1,rht,55,,0.0,1.0,3.0,,,-2.0,-3.0,-2.0,4.0,2.0,-5.0,-5.0,-5.0,0,4,0,0,-3,-888,-5,-888,5,-5,-5,-2,-888,-5,-5,-3,5,4,4,4,4,4,4,8,9,5,5,8,2,11,11,1,1
,56,,0.0,3.0,2.0,3.0,0.0,,2.0,2024-11-13T09:23:33.229Z,1,1,56,,0.0,,,3.0,1.0,1.0,1.0,23.0,1.0,75.0,4.0,2.0,1,1,9he,56,,0.0,1.0,2.0,,,3.0,3.0,-2.0,-4.0,1.0,-3.0,-4.0,-2.0,-4,2,-3,-1,3,-3,-2,0,-2,-5,-5,2,-5,2,2,-1,4,-999,4,2,5,5,4,8,9,2,3,8,1,10,6,1,1
,58,,0.0,3.0,1.0,3.0,1.0,,1.0,2024-11-13T09:23:34.018Z,1,1,58,,0.0,,,3.0,3.0,-999.0,1.0,19.0,2.0,0.0,8.0,2.3,1,1,dmd,58,,0.0,4.0,,1.0,2.0,1.0,0.0,-1.0,1.0,2.0,-4.0,-3.0,-1.0,0,1,-1,1,0,3,1,-999,-2,-5,0,0,1,0,0,1,4,3,3,2,4,5,4,5,4,5,4,7,3,11,9,1,1
,59,,0.0,3.0,1.0,4.0,0.0,,1.0,2024-11-13T09:23:34.891Z,1,1,59,,0.0,,,4.0,4.0,1.0,1.0,19.0,2.0,55.0,4.0,2.0,1,1,tuw,59,,0.0,1.0,3.0,,,-3.0,-5.0,3.0,5.0,-4.0,-5.0,2.0,-5.0,-2,3,3,-4,-4,4,-5,5,4,-5,-5,-4,5,-5,-5,-5,5,4,5,4,5,5,5,8,10,5,3,8,1,11,9,1,1
,61,,0.0,3.0,2.0,3.0,0.0,,2.0,2024-11-13T09:23:37.776Z,1,1,61,,0.0,,,3.0,3.0,-999.0,1.0,19.0,1.0,70.0,5.0,3.0,1,1,cnu,61,,0.0,1.0,3.0,,,-2.0,-3.0,4.0,4.0,-3.0,-5.0,1.0,-5.0,3,1,1,-3,-5,-3,-5,4,3,-5,-5,-4,5,-5,-5,-5,4,4,5,4,4,4,3,7,8,4,3,8,2,10,9,1,1
,62,,0.0,3.0,2.0,3.0,0.0,,2.0,2024-11-13T09:23:37.973Z,1,1,62,,0.0,,,2.0,3.0,1.0,1.0,20.0,1.0,22.0,3.0,2.3,1,1,v3e,62,,0.0,1.0,2.0,,,0.0,-3.0,-1.0,-1.0,-3.0,-5.0,-3.0,-4.0,-4,-3,-4,-3,-1,-1,-4,-3,-5,-5,-5,-3,-4,-5,-3,-3,5,5,5,5,5,5,5,-999,-999,-999,-999,-999,-999,-999,-999,1,1
,63,,0.0,3.0,2.0,3.0,0.0,,1.0,2024-11-13T09:23:37.927Z,1,1,63,,0.0,,,3.0,4.0,1.0,1.0,26.0,2.0,89.0,1.0,2.3,1,1,e4u,63,,0.0,1.0,3.0,,,-3.0,-3.0,0.0,4.0,4.0,-5.0,-4.0,0.0,-1,0,0,2,-3,3,0,0,-4,0,-5,-2,-1,-5,0,2,3,2,3,4,5,5,4,9,10,5,3,9,2,11,5,1,1
,64,,0.0,3.0,2.0,3.0,0.0,,2.0,2024-11-13T09:23:37.772Z,1,1,64,,0.0,,,1.0,1.0,1.0,1.0,19.0,2.0,78.0,4.0,2.7,1,1,yer,64,,0.0,1.0,3.0,,,2.0,2.0,4.0,4.0,-2.0,-5.0,-3.0,-1.0,3,2,4,-1,-3,0,-5,5,-2,-5,-888,1,3,-5,0,-888,4,2,4,3,5,5,4,8,9,4,2,7,1,11,3,1,1
,65,,0.0,3.0,2.0,3.0,0.0,,2.0,2024-11-13T09:23:37.872Z,1,1,65,,0.0,,,3.0,3.0,1.0,1.0,20.0,1.0,64.0,7.0,2.3,1,1,vrm,65,,0.0,1.0,3.0,,,-3.0,-4.0,3.0,4.0,-1.0,-5.0,2.0,-3.0,0,4,2,-2,-3,2,-5,4,5,-5,-5,-3,2,-5,-3,-5,4,2,2,3,5,4,4,8,9,6,4,8,1,11,2,1,1
,67,,0.0,3.0,1.0,3.0,0.0,,1.0,2024-11-13T09:23:42.612Z,1,1,67,,0.0,,,1.0,1.0,0.0,0.0,22.0,2.0,42.0,2.0,2.0,1,1,vnb,67,,0.0,2.0,,,,0.0,0.0,0.0,0.0,-1.0,-4.0,-4.0,-888.0,-2,-2,-2,-1,-2,1,0,0,0,-5,-4,0,-1,-4,0,-2,4,-888,5,-888,5,5,4,7,7,5,5,6,2,11,6,1,1
,68,,0.0,3.0,1.0,2.0,1.0,,1.0,2024-11-13T09:23:43.273Z,1,1,68,,0.0,,,3.0,1.0,1.0,0.0,23.0,1.0,70.0,8.0,3.3,1,1,3x9,68,,0.0,1.0,8.0,,,-3.0,-4.0,-2.0,0.0,-5.0,-5.0,1.0,-1.0,-1,-1,2,-3,-3,0,-5,1,4,-5,-5,-5,-1,-5,-2,-5,3,2,3,4,4,3,3,8,9,6,5,7,4,11,3,1,1
,69,,0.0,3.0,1.0,2.0,0.0,,1.0,2024-11-13T09:23:42.964Z,1,1,69,,0.0,,,1.0,1.0,1.0,1.0,18.0,1.0,78.0,4.0,3.7,1,1,hmu,69,,0.0,1.0,1.0,,,-3.0,-4.0,5.0,4.0,-4.0,-5.0,5.0,-4.0,0,4,3,-3,-3,-1,-5,3,1,-5,-5,-5,3,-5,-4,-888,4,2,2,4,4,4,2,3,2,8,11,4,10,1,1,1,1
,72,,0.0,2.0,5.0,3.0,0.0,,2.0,2024-11-13T09:23:42.742Z,1,1,72,,0.0,,,3.0,4.0,0.0,1.0,18.0,1.0,88.0,7.0,-888.0,1,1,kwc,72,,0.0,1.0,3.0,,,-4.0,-4.0,2.0,4.0,-3.0,-5.0,3.0,-5.0,1,3,3,-4,-5,0,-5,4,4,-5,-5,-5,2,-5,-5,-5,4,4,4,4,4,4,4,9,10,6,3,8,2,11,9,1,1
,73,,0.0,3.0,2.0,3.0,0.0,,2.0,2024-11-13T09:23:42.643Z,1,1,73,,0.0,,,3.0,3.0,1.0,1.0,21.0,2.0,71.0,-999.0,4.0,1,1,uge,73,,0.0,1.0,2.0,,,4.0,4.0,-3.0,-5.0,3.0,-1.0,-5.0,0.0,-4,-1,-1,5,4,3,-4,-3,-5,-3,-5,4,-999,-4,-3,2,5,4,5,4,-999,5,5,-999,-999,-999,-999,-999,-999,-999,-999,1,1
,74,,0.0,3.0,2.0,3.0,0.0,,2.0,2024-11-13T09:23:42.670Z,1,1,74,,0.0,,,4.0,2.0,1.0,1.0,19.0,1.0,73.0,7.0,-888.0,1,1,ecd,74,,0.0,1.0,5.0,,,-2.0,-3.0,3.0,5.0,-2.0,-5.0,4.0,-5.0,1,4,4,-3,-4,0,-5,4,5,-5,-4,-4,5,-5,-4,-5,5,2,4,2,4,4,4,8,9,4,3,7,1,11,6,1,1
,75,,0.0,3.0,2.0,3.0,0.0,,2.0,2024-11-13T09:23:43.117Z,1,1,75,,0.0,,,3.0,3.0,1.0,1.0,19.0,1.0,88.0,4.0,-888.0,1,1,49w,75,,0.0,1.0,1.0,,,-5.0,-5.0,0.0,3.0,3.0,-5.0,4.0,-5.0,-1,3,-5,-5,-5,-2,-5,1,3,-5,-5,-4,2,-5,-5,-888,4,2,5,3,4,4,4,7,8,4,3,5,1,11,10,1,1
,76,,0.0,3.0,2.0,3.0,0.0,,2.0,2024-11-13T09:23:43.136Z,1,1,76,,0.0,,,3.0,1.0,1.0,1.0,22.0,1.0,88.0,4.0,3.7,1,1,ahn,76,,0.0,1.0,8.0,,,1.0,,2.0,3.0,1.0,-5.0,1.0,0.0,1,3,-5,-4,-5,-3,-5,0,1,-5,-5,-4,-1,-5,0,-888,4,2,4,1,5,3,2,6,8,5,4,7,1,11,5,1,1
,77,,0.0,3.0,1.0,4.0,0.0,,1.0,2024-11-13T09:23:44.210Z,1,1,77,,0.0,,,4.0,3.0,1.0,1.0,19.0,-999.0,76.0,4.0,2.3,1,1,bpy,77,,0.0,1.0,3.0,,,2.0,-1.0,2.0,4.0,1.0,-5.0,0.0,-5.0,-1,2,0,-1,-2,5,-5,2,0,-5,-5,-3,2,-5,-5,-2,4,2,4,2,4,4,4,6,7,5,4,5,2,10,7,1,1
,78,,0.0,3.0,2.0,3.0,0.0,,2.0,2024-11-13T09:23:43.335Z,1,1,78,,0.0,,,3.0,1.0,1.0,1.0,20.0,1.0,78.0,5.0,2.0,1,1,pgx,78,,0.0,1.0,3.0,,,0.0,0.0,3.0,4.0,0.0,-5.0,2.0,-4.0,3,3,0,-2,0,3,-5,0,3,-5,-5,0,4,-5,-3,-5,4,2,4,2,5,5,5,6,6,5,4,7,1,11,9,1,1
,79,,0.0,2.0,5.0,3.0,0.0,,2.0,2024-11-13T09:23:43.418Z,1,1,79,,0.0,,,2.0,3.0,1.0,1.0,20.0,2.0,0.0,5.0,2.7,1,1,rbb,79,,0.0,1.0,3.0,,,1.0,-1.0,1.0,3.0,-1.0,-5.0,1.0,-2.0,-1,0,2,-3,1,0,-5,1,0,-5,-5,-1,1,-5,-3,-5,4,4,4,3,5,4,4,7,9,6,5,7,3,11,1,1,1
,81,,0.0,3.0,1.0,5.0,0.0,,1.0,2024-11-13T09:24:28.731Z,1,1,81,,0.0,,,2.0,3.0,1.0,1.0,20.0,2.0,79.0,5.0,3.0,1,1,3eh,81,,0.0,1.0,1.0,,,-3.0,-4.0,3.0,1.0,-2.0,-5.0,-4.0,-2.0,1,0,0,-1,-3,0,-3,1,-3,-5,-5,-3,0,-5,0,-3,4,4,5,4,4,4,4,7,8,5,4,6,2,11,5,1,1
,82,,0.0,3.0,2.0,3.0,0.0,,2.0,2024-11-13T09:23:45.100Z,1,1,82,,0.0,,,4.0,4.0,1.0,1.0,19.0,1.0,71.0,7.0,2.3,1,1,fv4,82,,0.0,1.0,3.0,,,-3.0,-4.0,-1.0,3.0,1.0,-5.0,3.0,-5.0,-1,4,0,-1,-4,2,-5,3,4,-5,-5,-4,4,-5,-4,-5,4,2,1,3,4,-888,-888,8,9,5,4,6,2,11,10,1,1
,83,,0.0,2.0,4.0,3.0,0.0,,2.0,2024-11-13T09:23:44.536Z,1,1,83,,0.0,,,1.0,3.0,1.0,1.0,20.0,2.0,21.0,4.0,3.3,1,1,sva,83,,0.0,1.0,1.0,,,-4.0,-5.0,2.0,1.0,-5.0,-5.0,-4.0,-5.0,-2,0,1,-5,-5,5,-5,3,-2,-5,-5,-5,-2,-5,-5,-5,4,2,5,4,4,4,-888,7,8,5,3,7,2,11,7,1,1
,85,,0.0,3.0,2.0,3.0,0.0,,2.0,2024-11-13T09:23:44.186Z,1,1,85,,0.0,,,1.0,3.0,1.0,1.0,20.0,2.0,88.0,5.0,1.7,1,1,fvy,85,,0.0,1.0,1.0,,,-3.0,-3.0,4.0,3.0,-4.0,-5.0,0.0,-4.0,-2,0,2,-4,-4,0,-5,3,-2,-5,-5,-4,-1,-5,-4,-5,4,3,4,4,4,3,3,8,9,5,4,8,2,11,8,1,1
,86,,0.0,3.0,2.0,3.0,0.0,,2.0,2024-11-13T09:23:44.475Z,1,1,86,,0.0,,,1.0,3.0,1.0,1.0,18.0,2.0,78.0,7.0,1.7,1,1,3xt,86,,0.0,1.0,2.0,,,4.0,4.0,-1.0,-2.0,2.0,0.0,-5.0,0.0,-4,0,0,2,3,1,-1,-1,-5,-5,-5,5,-3,0,-3,3,4,3,4,3,4,4,4,7,8,4,3,8,1,10,9,1,1
,87,,0.0,2.0,5.0,3.0,0.0,,2.0,2024-11-13T09:23:44.746Z,1,1,87,,0.0,,,4.0,4.0,1.0,1.0,19.0,1.0,71.0,3.0,2.7,1,1,yfk,87,,0.0,1.0,3.0,,,-4.0,-4.0,3.0,4.0,-4.0,-5.0,2.0,-5.0,-3,2,4,-5,-5,2,-5,4,3,-5,-5,-5,4,-5,-5,-4,5,4,5,4,4,4,4,8,9,4,3,9,1,11,10,1,1
,89,,0.0,3.0,2.0,3.0,0.0,,2.0,2024-11-13T09:23:45.136Z,1,1,89,,0.0,,,2.0,2.0,1.0,1.0,21.0,1.0,88.0,6.0,2.0,1,1,hch,89,,0.0,1.0,4.0,,,3.0,-888.0,3.0,-3.0,4.0,-5.0,0.0,-5.0,4,3,-888,1,-888,-3,-4,1,0,-2,-888,-888,-1,-888,-5,-4,4,2,2,2,5,5,5,8,8,6,8,3,2,11,10,1,1
,90,,0.0,3.0,2.0,3.0,0.0,,2.0,2024-11-13T09:23:46.661Z,1,1,90,,0.0,,,4.0,4.0,1.0,1.0,20.0,1.0,73.0,2.0,2.0,1,1,uhg,90,,0.0,1.0,3.0,,,-3.0,-3.0,2.0,5.0,-3.0,-5.0,1.0,-5.0,2,2,3,-3,-5,3,-5,5,5,-5,-5,-4,4,-5,-5,-4,4,3,2,2,4,4,4,9,9,4,3,9,1,11,8,1,1
,91,,0.0,3.0,1.0,3.0,1.0,,1.0,2024-11-13T09:23:48.947Z,1,1,91,,0.0,,,-999.0,1.0,-999.0,1.0,19.0,1.0,0.0,8.0,2.3,1,1,ktb,91,,0.0,4.0,,1.0,6.0,-888.0,-888.0,-888.0,-888.0,-888.0,-888.0,-888.0,-888.0,0,2,-888,-888,-888,-1,-3,-888,0,-4,-888,-888,-888,-888,-888,-1,1,-888,4,-888,4,3,4,8,4,5,5,7,3,10,2,1,1
,92,,0.0,3.0,2.0,3.0,0.0,,2.0,2024-11-13T09:23:47.770Z,1,1,92,,0.0,,,3.0,1.0,1.0,1.0,19.0,1.0,21.0,2.0,2.3,1,1,nrn,92,,0.0,1.0,3.0,,,-4.0,-4.0,5.0,4.0,-3.0,-5.0,-3.0,-5.0,3,4,4,-4,-4,4,-5,4,2,-5,-5,-4,4,-5,-5,-2,4,2,4,3,4,4,4,8,9,4,5,7,3,11,10,1,1
,93,,0.0,2.0,5.0,3.0,0.0,,2.0,2024-11-13T09:23:47.767Z,1,1,93,,0.0,,,1.0,1.0,1.0,1.0,19.0,2.0,78.0,4.0,3.0,1,1,mbv,93,,0.0,1.0,2.0,,,5.0,5.0,2.0,-4.0,4.0,3.0,-4.0,1.0,1,-1,-4,5,5,-4,-2,-2,-4,-5,-4,4,-4,4,3,-3,5,2,5,4,5,4,4,-999,-999,-999,-999,-999,-999,-999,-999,1,1
,94,,0.0,3.0,2.0,3.0,0.0,,1.0,2024-11-13T09:23:48.167Z,1,1,94,,0.0,,,1.0,1.0,1.0,1.0,22.0,1.0,89.0,4.0,-888.0,1,1,th3,94,,0.0,1.0,8.0,,,-5.0,-5.0,1.0,1.0,-4.0,-5.0,-1.0,-5.0,-3,1,2,-4,-5,1,-5,-2,2,-5,-5,-4,-1,-5,-5,-5,3,2,4,2,4,5,4,9,9,6,5,8,2,11,3,1,1
,95,,0.0,3.0,2.0,3.0,0.0,,1.0,2024-11-13T09:23:48.137Z,1,1,95,,0.0,,,4.0,2.0,1.0,1.0,20.0,2.0,40.0,2.0,3.0,1,1,dxh,95,,0.0,1.0,4.0,,,5.0,4.0,0.0,-1.0,4.0,-5.0,-5.0,-5.0,-2,0,-2,2,3,5,-3,0,-2,-5,-5,5,0,-5,-5,-3,4,3,4,4,4,4,4,6,7,4,3,6,1,11,10,1,1
,96,,0.0,3.0,2.0,3.0,0.0,,2.0,2024-11-13T09:23:48.820Z,1,1,96,,0.0,,,3.0,2.0,0.0,0.0,22.0,1.0,55.0,3.0,3.3,1,1,evs,96,,0.0,1.0,7.0,,,1.0,0.0,0.0,-1.0,2.0,-3.0,-2.0,3.0,-3,-1,-1,1,-1,-1,-1,-999,0,-5,-4,-2,-4,-2,1,-1,4,2,-999,2,3,-999,3,7,8,4,3,7,1,10,6,1,1
,97,,0.0,3.0,2.0,3.0,0.0,,2.0,2024-11-13T09:23:48.665Z,1,1,97,,0.0,,,1.0,2.0,1.0,1.0,19.0,1.0,72.0,1.0,2.0,1,1,crq,97,,0.0,1.0,1.0,,,-2.0,-4.0,3.0,3.0,-3.0,-5.0,-3.0,-4.0,-3,4,-2,-3,-888,5,-5,1,3,-4,-5,-888,1,-5,-3,-3,4,1,2,2,4,4,4,7,10,5,4,9,3,11,1,1,1
,98,,0.0,3.0,2.0,3.0,0.0,,1.0,2024-11-13T09:23:48.640Z,1,1,98,,0.0,,,1.0,1.0,1.0,1.0,21.0,1.0,87.0,4.0,2.3,1,1,knc,98,,0.0,1.0,3.0,,,-3.0,-4.0,-2.0,4.0,2.0,-5.0,3.0,-4.0,2,4,1,-2,-4,2,-5,4,3,-5,-5,-3,-1,-5,-4,-4,4,4,5,4,4,4,4,6,8,6,4,7,2,11,7,1,1
,99,,0.0,3.0,2.0,3.0,0.0,,1.0,2024-11-13T09:23:48.698Z,1,1,99,,0.0,,,4.0,4.0,1.0,1.0,22.0,2.0,70.0,6.0,2.3,1,1,yte,99,,0.0,1.0,1.0,,,-1.0,-2.0,3.0,2.0,1.0,-4.0,-1.0,-4.0,3,2,3,-1,-2,-3,-4,3,-3,-5,-5,-3,3,-4,-4,-4,4,4,4,4,3,4,4,7,8,3,5,6,1,10,8,1,1
,100,,0.0,3.0,1.0,3.0,0.0,,1.0,2024-11-13T09:23:50.595Z,1,1,100,,0.0,,,3.0,1.0,1.0,1.0,21.0,1.0,88.0,2.0,3.0,1,1,ngr,100,,0.0,1.0,3.0,,,1.0,0.0,1.0,2.0,2.0,-5.0,-5.0,1.0,-2,4,-5,-1,-3,-5,-5,0,3,-5,-5,-5,-5,-5,3,-888,3,2,5,1,4,4,4,6,8,3,3,7,1,11,5,1,1
,101,,0.0,3.0,2.0,3.0,0.0,,1.0,2024-11-13T09:23:45.070Z,1,1,101,,0.0,,,3.0,1.0,1.0,1.0,23.0,1.0,76.0,6.0,2.0,1,1,pkt,101,,0.0,1.0,4.0,,,-1.0,-1.0,-2.0,-3.0,1.0,-5.0,-4.0,-5.0,-2,-1,-3,0,-3,-2,-5,-2,-2,-5,-5,-4,-3,-5,-5,-5,5,1,5,1,5,5,5,6,7,5,4,6,2,10,1,1,1
,103,,0.0,3.0,1.0,2.0,0.0,,1.0,2024-11-13T09:23:49.554Z,1,1,103,,0.0,,,4.0,4.0,1.0,1.0,22.0,2.0,79.0,7.0,2.7,1,1,bey,103,,0.0,1.0,3.0,,,-4.0,-5.0,2.0,4.0,-5.0,-5.0,-2.0,-5.0,-4,4,3,-5,-5,2,-5,5,3,-5,-5,-5,4,-5,-4,-5,4,3,4,3,4,3,4,9,10,5,4,6,2,11,8,1,1
,104,,0.0,3.0,1.0,4.0,0.0,,1.0,2024-11-13T09:23:54.071Z,1,1,104,,0.0,,,2.0,2.0,1.0,1.0,19.0,2.0,0.0,2.0,2.0,1,1,ddh,104,,0.0,4.0,1.0,1.0,1.0,-3.0,-4.0,2.0,3.0,2.0,-5.0,1.0,-5.0,-3,-2,-1,-3,-5,-2,-5,5,-1,-5,-5,1,-2,-5,-5,-5,5,3,5,3,5,5,5,9,10,4,2,7,1,11,6,1,1
,105,,0.0,3.0,2.0,3.0,0.0,,2.0,2024-11-13T09:23:51.452Z,1,1,105,,0.0,,,2.0,2.0,1.0,1.0,21.0,1.0,78.0,7.0,2.0,1,1,9ra,105,,0.0,1.0,5.0,,,3.0,3.0,3.0,2.0,1.0,-5.0,3.0,2.0,1,4,1,0,0,0,-3,-888,1,-5,-888,0,1,-5,3,2,2,1,4,2,-888,-888,-888,7,7,4,4,4,3,11,7,1,1
,106,,0.0,3.0,2.0,3.0,0.0,,2.0,2024-11-13T09:23:52.347Z,1,1,106,,0.0,,,1.0,1.0,1.0,1.0,18.0,2.0,78.0,2.0,2.7,1,1,ebs,106,,0.0,1.0,1.0,,,-1.0,-2.0,4.0,3.0,-2.0,-5.0,0.0,-3.0,3,2,3,-3,-3,4,-5,2,-1,-5,-5,-2,3,-5,-4,-4,4,3,5,4,4,4,4,8,9,4,5,7,2,11,1,1,1
,107,,0.0,2.0,5.0,3.0,0.0,,2.0,2024-11-13T09:23:52.593Z,1,1,107,,0.0,,,1.0,3.0,1.0,1.0,21.0,1.0,67.0,3.0,2.0,1,1,h9k,107,,0.0,1.0,3.0,,,-1.0,-4.0,4.0,5.0,-5.0,-5.0,0.0,-5.0,3,4,0,-5,-5,0,-5,5,0,-5,-5,-5,4,-5,-5,-4,5,4,5,3,5,5,5,9,10,4,3,7,1,11,11,1,1
,109,,0.0,3.0,2.0,3.0,1.0,,2.0,2024-11-13T09:23:53.306Z,1,1,109,,0.0,,,3.0,3.0,0.0,1.0,18.0,1.0,0.0,8.0,2.7,1,1,gga,109,,0.0,4.0,,2.0,,-1.0,0.0,3.0,0.0,0.0,-888.0,-3.0,0.0,-888,4,-888,-888,-888,5,-3,-999,-5,-4,0,0,0,-888,-888,0,3,3,2,3,4,4,4,7,11,2,7,1,1,6,6,1,1
,110,,0.0,3.0,2.0,3.0,0.0,,2.0,2024-11-13T09:23:53.817Z,1,1,110,,0.0,,,2.0,1.0,1.0,1.0,20.0,1.0,88.0,1.0,2.0,1,1,saf,110,,0.0,1.0,2.0,,,4.0,3.0,2.0,0.0,0.0,-5.0,-3.0,-4.0,1,4,2,0,1,3,-5,0,0,-5,-5,2,0,-5,-2,-1,4,4,4,3,5,5,4,8,8,5,3,7,1,11,1,1,1
,111,,0.0,3.0,1.0,3.0,1.0,,1.0,2024-11-13T09:23:55.323Z,1,1,111,,0.0,,,1.0,1.0,1.0,1.0,19.0,1.0,0.0,8.0,-888.0,1,1,whx,111,,0.0,4.0,,1.0,3.0,-888.0,-888.0,2.0,4.0,0.0,-5.0,3.0,1.0,-2,2,-888,-888,-888,2,-4,-2,4,-4,-888,-888,-888,-888,0,-4,3,-888,2,-888,4,3,4,-999,-999,-999,-999,-999,-999,-999,-999,1,1
,112,,0.0,3.0,2.0,3.0,0.0,,2.0,2024-11-13T09:23:54.249Z,1,1,112,,0.0,,,-999.0,1.0,-999.0,1.0,19.0,1.0,78.0,5.0,2.0,1,1,hhb,112,,0.0,1.0,7.0,,,2.0,0.0,1.0,-5.0,-1.0,0.0,4.0,-888.0,-2,-2,-3,-1,1,-5,2,-2,0,-888,-3,0,-5,0,-888,-5,4,1,4,2,5,5,5,9,10,6,4,8,3,11,6,1,1
,113,,0.0,2.0,4.0,3.0,0.0,,2.0,2024-11-13T09:23:55.704Z,1,1,113,,0.0,,,4.0,1.0,1.0,-999.0,19.0,1.0,91.0,7.0,3.0,1,1,buv,113,,0.0,1.0,1.0,,,-2.0,-4.0,3.0,3.0,-3.0,-5.0,3.0,-5.0,0,1,2,-2,-2,2,-5,4,4,-5,-5,-4,4,-5,-5,-5,4,-888,2,-888,4,4,-888,8,9,4,6,8,2,11,9,1,1
,114,,0.0,3.0,2.0,2.0,0.0,,1.0,2024-11-13T09:23:54.194Z,1,1,114,,0.0,,,1.0,3.0,0.0,1.0,21.0,2.0,0.0,5.0,4.0,1,1,vxf,114,,0.0,1.0,3.0,,,-5.0,-5.0,5.0,5.0,-5.0,-5.0,-5.0,-5.0,5,5,5,-1,-4,5,-5,5,2,-5,-5,-4,5,-5,-5,-5,4,5,5,5,4,4,4,7,8,4,3,6,1,11,6,1,1
,115,,0.0,3.0,2.0,3.0,0.0,,1.0,2024-11-13T09:23:54.782Z,1,1,115,,0.0,,,2.0,1.0,1.0,1.0,18.0,1.0,78.0,2.0,2.3,1,1,ceh,115,,0.0,1.0,8.0,,,-4.0,-4.0,3.0,4.0,0.0,-5.0,2.0,-2.0,-3,5,-3,0,-3,0,-5,-888,2,-5,-5,4,3,-3,-2,-888,3,3,4,4,3,4,4,5,5,3,2,3,1,11,7,1,1
,116,,0.0,3.0,2.0,3.0,0.0,,2.0,2024-11-13T09:23:55.018Z,1,1,116,,0.0,,,3.0,4.0,1.0,1.0,20.0,2.0,72.0,2.0,2.0,1,1,cpk,116,,0.0,1.0,2.0,,,1.0,0.0,1.0,0.0,-1.0,-5.0,-4.0,-5.0,-1,2,1,-2,1,3,-4,2,-2,-5,-5,0,2,-5,-5,-5,4,4,5,4,3,4,3,6,7,5,5,6,3,11,2,1,1
,117,,0.0,3.0,2.0,3.0,0.0,,2.0,2024-11-13T09:23:54.604Z,1,1,117,,0.0,,,4.0,3.0,1.0,1.0,18.0,1.0,78.0,2.0,2.3,1,1,kry,117,,0.0,1.0,3.0,,,0.0,-3.0,3.0,2.0,0.0,-5.0,-3.0,-5.0,-2,5,0,-2,0,-5,-5,0,2,1,0,-5,0,-5,0,0,-888,2,1,3,4,3,3,7,9,5,3,8,1,11,4,1,1
,118,,0.0,3.0,3.0,3.0,0.0,,2.0,2024-11-13T09:23:54.783Z,1,1,118,,0.0,,,2.0,2.0,1.0,1.0,19.0,1.0,66.0,2.0,2.0,1,1,ywc,118,,0.0,,,,,1.0,-3.0,3.0,4.0,-3.0,-5.0,-2.0,-4.0,2,1,4,-3,-4,2,-5,4,1,-5,-5,-4,3,-5,-5,-4,4,4,2,2,4,5,3,9,10,5,3,9,2,11,9,1,1
,119,,0.0,3.0,2.0,3.0,0.0,,2.0,2024-11-13T09:23:55.430Z,1,1,119,,0.0,,,4.0,1.0,1.0,1.0,20.0,1.0,61.0,2.0,1.3,1,1,qhv,119,,0.0,1.0,1.0,,,4.0,2.0,5.0,3.0,-2.0,-5.0,-1.0,-5.0,2,3,4,-2,3,3,-5,-2,5,-4,-5,3,2,-1,-4,-3,1,-888,4,4,5,5,5,9,9,4,2,8,1,11,10,1,1
,120,,0.0,3.0,1.0,2.0,0.0,,1.0,2024-11-13T09:23:56.005Z,1,1,120,,0.0,,,4.0,4.0,1.0,1.0,19.0,2.0,76.0,5.0,2.7,1,1,9xy,120,,0.0,1.0,1.0,,,-2.0,-3.0,4.0,3.0,-5.0,-5.0,0.0,-4.0,0,0,1,-5,-3,1,-5,2,0,-5,-5,-4,2,-5,-4,-4,5,3,5,3,4,4,4,9,8,4,4,8,2,11,2,1,1
,121,,0.0,3.0,2.0,3.0,0.0,,2.0,2024-11-13T09:23:56.372Z,1,1,121,,0.0,,,1.0,1.0,1.0,1.0,28.0,2.0,88.0,6.0,2.7,1,1,kmw,121,,0.0,1.0,2.0,,,2.0,3.0,-3.0,-5.0,3.0,2.0,-5.0,-2.0,-2,-5,1,3,2,0,2,-5,-1,-5,-999,-1,-5,-1,1,-3,3,2,4,4,4,5,4,7,8,4,2,9,1,11,7,1,1
,122,,0.0,3.0,1.0,5.0,0.0,,1.0,2024-11-13T09:23:56.776Z,1,1,122,,0.0,,,4.0,3.0,1.0,1.0,19.0,1.0,71.0,3.0,2.3,1,1,h9x,122,,0.0,1.0,3.0,,,0.0,-3.0,2.0,3.0,1.0,-5.0,0.0,-4.0,0,2,0,-1,-2,2,-5,1,0,-5,-5,-3,3,-4,-4,-3,4,3,2,3,4,4,4,8,9,4,5,7,2,11,1,1,1
,123,,0.0,2.0,5.0,3.0,0.0,,2.0,2024-11-13T09:23:56.860Z,1,1,123,,0.0,,,4.0,4.0,1.0,1.0,20.0,2.0,73.0,7.0,1.7,1,1,e3v,123,,0.0,1.0,3.0,,,0.0,-2.0,2.0,3.0,0.0,-5.0,-3.0,-5.0,2,1,3,0,-2,4,-4,4,1,-5,-5,-2,3,-5,-5,-3,5,3,5,4,4,4,4,8,9,5,4,7,1,11,6,1,1
,126,,0.0,2.0,5.0,3.0,0.0,,2.0,2024-11-13T09:23:59.625Z,1,1,126,,0.0,,,-999.0,1.0,-999.0,1.0,18.0,1.0,73.0,2.0,-888.0,1,1,vgv,126,,0.0,1.0,1.0,,,-4.0,-5.0,3.0,2.0,0.0,-5.0,-2.0,-2.0,1,4,2,-2,-4,0,-5,5,2,-5,-5,-3,-999,-4,-2,-4,4,3,4,4,5,4,4,7,8,5,3,6,1,10,5,1,1
,127,,0.0,3.0,1.0,5.0,1.0,,1.0,2024-11-13T09:24:12.558Z,1,1,127,,0.0,,,2.0,1.0,1.0,1.0,19.0,1.0,71.0,8.0,2.0,1,1,wrc,127,,0.0,1.0,1.0,,,-2.0,-3.0,3.0,1.0,-2.0,-5.0,1.0,-4.0,-1,3,0,-2,-1,2,-5,1,2,-5,-5,0,3,-4,-2,-5,4,2,2,3,3,2,4,8,9,6,4,7,3,11,6,1,1
,128,,0.0,3.0,2.0,3.0,0.0,,1.0,2024-11-13T09:24:00.245Z,1,1,128,,0.0,,,4.0,4.0,1.0,1.0,20.0,1.0,64.0,7.0,1.7,1,1,amu,128,,0.0,1.0,3.0,,,-4.0,-5.0,0.0,1.0,2.0,-5.0,-4.0,-4.0,1,4,2,2,-5,-5,-5,3,-888,-5,-5,-4,-2,-4,-2,-5,5,4,4,4,4,5,5,8,9,5,6,8,2,11,9,1,1
,130,,0.0,3.0,1.0,3.0,1.0,,1.0,2024-11-13T09:24:01.695Z,1,1,130,,0.0,,,3.0,2.0,0.0,0.0,21.0,2.0,34.0,8.0,2.0,1,1,mhp,130,,0.0,4.0,,1.0,8.0,0.0,0.0,0.0,-5.0,0.0,-3.0,0.0,0.0,-888,-4,-888,-888,-888,1,-4,-888,2,2,-888,-888,-888,-888,-888,-5,5,4,-888,3,4,5,5,8,4,5,5,5,4,10,7,1,1
,131,,0.0,3.0,2.0,3.0,0.0,,2.0,2024-11-13T09:24:02.361Z,1,1,131,,0.0,,,-999.0,1.0,-999.0,1.0,20.0,1.0,89.0,2.0,2.0,1,1,ucp,131,,0.0,1.0,1.0,,,-3.0,-4.0,2.0,3.0,-3.0,-5.0,-2.0,-4.0,1,3,1,-2,-3,0,-5,2,2,-5,0,-3,3,-5,-4,-5,4,2,4,2,5,5,5,7,8,5,5,7,4,11,8,1,1
,132,,0.0,3.0,1.0,3.0,0.0,,1.0,2024-11-13T09:24:00.567Z,1,1,132,,0.0,,,1.0,1.0,1.0,1.0,20.0,1.0,27.0,2.0,3.3,1,1,ffe,132,,0.0,1.0,1.0,,,-4.0,-5.0,4.0,4.0,-3.0,-5.0,2.0,-5.0,3,4,-1,-4,-5,4,-5,4,2,-5,-5,-5,3,-5,-5,-5,4,3,5,4,4,5,4,8,9,5,4,8,1,11,10,1,1
,133,,0.0,3.0,2.0,3.0,0.0,,2.0,2024-11-13T09:24:03.309Z,1,1,133,,0.0,,,1.0,1.0,1.0,1.0,19.0,1.0,76.0,5.0,2.0,1,1,fep,133,,0.0,1.0,3.0,,,-3.0,-4.0,2.0,3.0,-4.0,-5.0,-3.0,-5.0,-3,5,-2,-2,-2,-1,-5,1,2,-5,-5,-3,0,-5,-5,-5,5,1,4,2,5,5,4,7,8,6,4,8,1,11,2,1,1
,134,,0.0,3.0,1.0,3.0,1.0,,1.0,2024-11-13T09:24:03.997Z,1,1,134,,0.0,,,2.0,3.0,1.0,1.0,22.0,1.0,57.0,-999.0,2.3,1,1,gth,134,,0.0,4.0,,1.0,3.0,-2.0,-2.0,2.0,4.0,1.0,-5.0,0.0,-2.0,2,4,0,0,0,4,-5,0,3,-5,0,0,0,0,0,-5,4,4,3,-999,4,4,4,8,8,4,4,6,3,11,2,1,1
,135,,0.0,3.0,1.0,3.0,0.0,,1.0,2024-11-13T09:24:01.651Z,1,1,135,,0.0,,,1.0,1.0,1.0,1.0,20.0,2.0,78.0,1.0,2.7,1,1,4dk,135,,0.0,1.0,3.0,,,0.0,-4.0,4.0,4.0,-5.0,-5.0,-1.0,-5.0,3,3,-999,-3,-4,0,-5,5,0,-5,-5,-5,4,-5,-2,-4,5,4,5,4,5,5,4,9,10,5,4,7,2,11,10,1,1
,136,,0.0,3.0,1.0,2.0,0.0,,1.0,2024-11-13T09:24:05.711Z,1,1,136,,0.0,,,3.0,1.0,1.0,1.0,19.0,1.0,73.0,2.0,2.7,1,1,3md,136,,0.0,1.0,1.0,,,-2.0,-3.0,4.0,3.0,-1.0,-5.0,1.0,-3.0,2,4,1,-2,-4,3,-5,3,2,-5,-5,-3,2,-5,-4,-3,4,4,5,3,4,5,4,6,7,4,3,5,1,11,6,1,1
,137,,0.0,2.0,5.0,3.0,1.0,,2.0,2024-11-13T09:24:05.965Z,1,1,137,,0.0,,,1.0,2.0,1.0,1.0,20.0,1.0,78.0,8.0,2.3,1,1,gb4,137,,0.0,4.0,,1.0,5.0,-3.0,-3.0,1.0,2.0,-3.0,-5.0,4.0,-2.0,-1,2,1,-4,-5,0,-5,1,4,-5,-5,-3,2,-5,-1,-5,4,2,4,2,3,2,4,9,10,6,5,9,3,11,5,1,1
,140,,0.0,3.0,2.0,3.0,0.0,,2.0,2024-11-13T09:24:07.068Z,1,1,140,,0.0,,,3.0,1.0,1.0,1.0,19.0,1.0,72.0,2.0,2.0,1,1,dbk,140,,0.0,1.0,2.0,,,3.0,3.0,2.0,3.0,0.0,-5.0,-1.0,-4.0,0,3,3,-2,2,4,-5,3,-3,-5,-5,1,2,2,2,-888,3,4,2,3,4,4,4,6,7,7,6,5,2,11,10,1,1
,142,,0.0,3.0,2.0,3.0,0.0,,2.0,2024-11-13T09:24:07.963Z,1,1,142,,0.0,,,1.0,3.0,1.0,1.0,19.0,2.0,71.0,-999.0,3.7,1,1,9fx,142,,0.0,1.0,1.0,,,-4.0,-5.0,4.0,1.0,-1.0,-5.0,-3.0,-5.0,0,0,2,-2,-4,0,-2,2,-1,-5,-5,-4,0,-5,-4,-3,5,2,5,4,4,4,4,8,9,4,3,8,1,11,10,1,1
,143,,0.0,3.0,2.0,3.0,0.0,,1.0,2024-11-13T09:24:15.263Z,1,1,143,,0.0,,,3.0,3.0,1.0,1.0,24.0,1.0,47.0,5.0,2.7,1,1,3hc,143,,0.0,1.0,3.0,,,2.0,-1.0,3.0,5.0,2.0,-5.0,1.0,-3.0,2,3,1,0,-2,1,-5,5,2,-4,-3,-1,2,-4,-1,-2,4,3,4,4,5,5,4,8,9,4,4,5,1,11,3,1,1
,144,,0.0,2.0,5.0,3.0,0.0,,2.0,2024-11-13T09:24:07.818Z,1,1,144,,0.0,,,4.0,3.0,1.0,1.0,20.0,2.0,76.0,5.0,1.7,1,1,9ut,144,,0.0,1.0,2.0,,,5.0,4.0,2.0,-2.0,3.0,-5.0,-5.0,-5.0,2,-1,0,-3,-2,2,2,2,-4,-5,-5,3,-1,-5,-5,-3,5,2,5,2,4,4,4,7,8,4,2,6,1,11,11,1,1
,146,,0.0,3.0,1.0,5.0,0.0,,1.0,2024-11-13T09:24:08.100Z,1,1,146,,0.0,,,2.0,3.0,1.0,1.0,22.0,2.0,77.0,2.0,3.3,1,1,hmt,146,,0.0,1.0,5.0,,,-3.0,-4.0,2.0,1.0,-3.0,-5.0,3.0,-3.0,1,2,5,-3,-4,0,-5,3,-3,-5,-5,-4,2,-5,-4,-4,5,4,5,3,4,4,4,8,9,6,7,7,2,11,6,1,1
,147,,0.0,3.0,2.0,3.0,0.0,,2.0,2024-11-13T09:24:07.984Z,1,1,147,,0.0,,,2.0,3.0,1.0,1.0,21.0,2.0,12.0,4.0,4.0,1,1,uqy,147,,0.0,1.0,5.0,,,-2.0,-2.0,0.0,1.0,-3.0,-5.0,3.0,-5.0,2,1,3,-3,-5,-1,-5,3,2,-5,-5,-2,2,-5,-2,-5,4,4,4,3,4,3,4,8,8,5,5,6,2,10,7,1,1
,148,,0.0,3.0,1.0,2.0,0.0,,2.0,2024-11-13T09:24:09.220Z,1,1,148,,0.0,,,4.0,4.0,1.0,1.0,19.0,1.0,72.0,8.0,2.0,1,1,add,148,,0.0,1.0,1.0,,,-4.0,-4.0,5.0,4.0,-4.0,-5.0,4.0,-5.0,3,5,4,-5,-5,4,-5,4,3,-5,-5,-5,4,-5,-5,-5,4,3,4,3,4,5,5,10,10,5,6,9,2,11,11,1,1
,149,,0.0,3.0,2.0,3.0,0.0,,2.0,2024-11-13T09:24:09.273Z,1,1,149,,0.0,,,1.0,1.0,1.0,1.0,20.0,1.0,75.0,7.0,2.3,1,1,kvq,149,,0.0,1.0,3.0,,,-4.0,-4.0,2.0,3.0,-3.0,-5.0,0.0,-3.0,3,2,0,-4,-4,4,-5,3,-1,-5,-5,-4,3,-5,-4,-4,4,2,4,2,4,5,4,8,9,5,4,5,2,11,2,1,1
,150,,0.0,3.0,2.0,3.0,0.0,,2.0,2024-11-13T09:24:09.506Z,1,1,150,,0.0,,,3.0,3.0,1.0,1.0,19.0,2.0,70.0,4.0,2.7,1,1,tcc,150,,0.0,1.0,1.0,,,-3.0,-3.0,4.0,1.0,-2.0,-5.0,-1.0,-3.0,1,2,3,-3,-3,3,-5,2,-3,-5,-5,-3,2,-5,-4,-4,4,4,4,4,4,4,4,9,9,4,4,8,2,11,9,1,1
,152,,0.0,2.0,5.0,3.0,0.0,,1.0,2024-11-13T09:24:11.151Z,1,1,152,,0.0,,,2.0,2.0,1.0,1.0,18.0,2.0,58.0,2.0,2.7,1,1,bgq,152,,0.0,1.0,1.0,,,1.0,0.0,3.0,-2.0,-5.0,-5.0,-5.0,0.0,2,-3,2,-4,-5,-2,-3,0,0,-5,-5,1,-3,-5,-3,-5,4,3,4,1,5,4,4,7,7,5,4,1,1,11,3,1,1
,153,,0.0,2.0,5.0,3.0,0.0,,1.0,2024-11-13T09:24:11.467Z,1,1,153,,0.0,,,2.0,2.0,1.0,1.0,18.0,1.0,88.0,6.0,2.7,1,1,39b,153,,0.0,1.0,3.0,,,-3.0,-4.0,3.0,2.0,-2.0,-5.0,2.0,-3.0,2,3,0,-3,-4,2,-4,1,-1,-2,-5,-4,2,-4,-3,-3,4,3,5,4,4,4,4,8,7,4,3,5,2,11,4,1,1
,154,,0.0,3.0,2.0,3.0,0.0,,1.0,2024-11-13T09:24:11.646Z,1,1,154,,0.0,,,1.0,3.0,1.0,1.0,19.0,2.0,72.0,4.0,1.7,1,1,hoc,154,,0.0,1.0,3.0,,,-2.0,-3.0,2.0,3.0,-3.0,-5.0,1.0,-1.0,-3,2,1,-3,-3,-2,-4,3,-1,-5,-5,-3,-1,-5,-3,-4,5,3,5,3,4,4,4,8,9,5,3,7,1,11,7,1,1
,155,,0.0,3.0,2.0,3.0,0.0,,2.0,2024-11-13T09:24:13.195Z,1,1,155,,0.0,,,2.0,3.0,1.0,1.0,19.0,1.0,7.0,2.0,2.7,1,1,vgg,155,,0.0,1.0,1.0,,,-3.0,-4.0,3.0,3.0,-2.0,-5.0,-3.0,-5.0,-1,3,3,-3,-3,4,-5,3,1,-5,-5,-5,2,-4,-3,-5,4,3,4,4,5,5,4,8,9,6,4,7,2,11,10,1,1
,156,,0.0,3.0,1.0,3.0,1.0,,1.0,2024-11-13T09:24:13.120Z,1,1,156,,0.0,,,4.0,3.0,1.0,1.0,21.0,1.0,0.0,-999.0,3.0,1,1,avr,156,,0.0,4.0,,1.0,3.0,-888.0,-888.0,-888.0,3.0,-888.0,-5.0,3.0,-888.0,2,2,-888,-888,-888,2,-5,-888,4,-5,-888,-888,-888,-888,-888,-888,2,-888,1,-888,4,3,4,-999,-999,-999,-999,-999,-999,-999,-999,1,1
,157,,0.0,3.0,1.0,3.0,1.0,,1.0,2024-11-13T09:24:14.831Z,1,1,157,,0.0,,,2.0,2.0,1.0,0.0,21.0,1.0,0.0,8.0,2.0,1,1,qqt,157,,0.0,4.0,,1.0,5.0,3.0,-888.0,-888.0,-888.0,-888.0,-5.0,-888.0,-888.0,3,5,2,2,2,-888,-5,-888,2,-5,-888,2,-888,-4,-888,-5,2,3,1,1,4,4,4,-999,-999,-999,-999,-999,-999,-999,-999,1,1
,158,,0.0,3.0,2.0,3.0,0.0,,2.0,2024-11-13T09:24:16.012Z,1,1,158,,0.0,,,2.0,1.0,1.0,1.0,19.0,1.0,70.0,5.0,3.0,1,1,mw9,158,,0.0,1.0,3.0,,,-2.0,-4.0,2.0,3.0,0.0,-5.0,-2.0,-4.0,-2,4,-2,-2,-4,0,-5,3,3,-5,-5,-3,2,-5,-3,-5,5,3,5,3,5,5,5,7,9,3,3,6,1,11,6,1,1
,159,,0.0,3.0,2.0,3.0,0.0,,2.0,2024-11-13T09:24:20.401Z,1,1,159,,0.0,,,3.0,4.0,1.0,1.0,19.0,1.0,22.0,7.0,3.0,1,1,bqh,159,,0.0,1.0,3.0,,,-4.0,-4.0,0.0,2.0,-4.0,-5.0,4.0,-3.0,-1,0,0,-4,-5,0,-5,3,5,-5,-5,-4,0,-5,-4,-5,-888,4,4,2,3,4,3,10,10,6,5,8,2,11,8,1,1
,160,,0.0,3.0,2.0,3.0,0.0,,2.0,2024-11-13T09:24:20.932Z,1,1,160,,0.0,,,1.0,4.0,1.0,1.0,19.0,1.0,89.0,3.0,3.0,1,1,udg,160,,0.0,1.0,1.0,,,1.0,1.0,3.0,0.0,-3.0,-5.0,-3.0,-5.0,-2,3,1,0,-3,1,-5,4,1,-5,-888,-2,-2,-5,-5,-2,4,3,2,4,4,4,4,8,8,4,2,9,1,11,10,1,1
,161,,0.0,3.0,2.0,3.0,0.0,,2.0,2024-11-13T09:24:25.998Z,1,1,161,,0.0,,,4.0,4.0,1.0,1.0,19.0,2.0,73.0,5.0,2.3,1,1,bga,161,,0.0,1.0,3.0,,,0.0,-1.0,2.0,4.0,-2.0,-5.0,-2.0,-4.0,1,1,4,-3,-4,3,-5,5,2,-5,-5,-3,4,-5,-4,-5,5,3,4,4,4,4,4,8,9,5,4,8,2,11,8,1,1
,162,,0.0,3.0,2.0,3.0,0.0,,2.0,2024-11-13T09:24:28.985Z,1,1,162,,0.0,,,2.0,3.0,0.0,1.0,20.0,2.0,78.0,1.0,3.3,1,1,uwx,162,,0.0,1.0,1.0,,,2.0,-3.0,3.0,-2.0,-3.0,-4.0,0.0,-3.0,-2,2,-2,-3,-3,0,-2,1,2,-4,-4,-3,-2,-3,-1,-888,4,2,4,2,3,3,4,8,9,5,4,7,2,10,8,1,1
,163,,0.0,3.0,2.0,3.0,0.0,,1.0,2024-11-13T09:24:29.406Z,1,1,163,,0.0,,,-999.0,4.0,-999.0,1.0,21.0,2.0,0.0,1.0,3.3,1,1,vkv,163,,0.0,4.0,,1.0,3.0,4.0,4.0,3.0,4.0,,-5.0,-3.0,-5.0,2,3,-888,4,4,5,-3,5,0,-5,-888,-888,4,-5,-5,4,4,4,4,4,5,-999,4,7,7,3,4,5,2,10,1,1,1
,164,,0.0,3.0,2.0,3.0,0.0,,2.0,2024-11-13T09:24:31.160Z,1,1,164,,0.0,,,3.0,3.0,1.0,1.0,,1.0,79.0,3.0,-888.0,1,1,rxs,164,,0.0,1.0,1.0,,,-2.0,-4.0,4.0,3.0,-3.0,-5.0,4.0,-5.0,3,3,3,-5,-5,3,-5,2,3,-5,-5,-5,3,-5,-4,-4,4,4,4,3,4,4,-888,8,9,5,5,7,1,11,8,1,1
,165,,0.0,3.0,2.0,3.0,0.0,,1.0,2024-11-13T09:24:32.084Z,1,1,165,,0.0,,,3.0,3.0,1.0,1.0,25.0,2.0,0.0,6.0,1.7,1,1,wen,165,,0.0,4.0,,1.0,4.0,3.0,3.0,-1.0,1.0,2.0,-5.0,-3.0,-3.0,-3,-2,0,-2,-2,-1,-4,-1,-2,-5,1,1,0,-5,-1,-5,4,3,4,4,4,4,4,7,6,3,5,8,1,11,3,1,1
,166,,0.0,3.0,2.0,3.0,0.0,,2.0,2024-11-13T09:24:33.524Z,1,1,166,,0.0,,,3.0,3.0,1.0,1.0,19.0,1.0,83.0,2.0,-888.0,1,1,byq,166,,0.0,1.0,5.0,,,-5.0,-5.0,1.0,1.0,-5.0,-5.0,3.0,-5.0,-4,-3,1,-5,-5,-2,-5,-3,4,-5,-5,-5,-3,-5,-5,-5,4,2,5,1,4,4,3,10,10,6,5,9,3,11,11,1,1
,167,,0.0,3.0,1.0,3.0,0.0,,1.0,2024-11-13T09:24:38.280Z,1,1,167,,0.0,,,1.0,3.0,1.0,1.0,19.0,1.0,67.0,3.0,2.7,1,1,ack,167,,0.0,1.0,2.0,,,4.0,4.0,4.0,0.0,1.0,-4.0,-5.0,-4.0,-2,0,-5,-999,-3,2,-1,-4,-4,-5,-5,-2,-4,-4,-4,-3,4,2,3,2,4,4,3,8,8,3,2,6,1,10,1,1,1
,168,,0.0,3.0,2.0,3.0,1.0,,1.0,2024-11-13T09:24:47.187Z,1,1,168,,0.0,,,3.0,1.0,1.0,1.0,18.0,2.0,88.0,4.0,2.3,1,1,4ww,168,,0.0,1.0,5.0,,,-4.0,-4.0,2.0,3.0,-5.0,-5.0,4.0,-3.0,2,1,5,-5,-5,4,-5,4,4,-5,-5,-4,2,-5,-4,-5,4,2,5,2,4,4,4,-999,-999,-999,-999,-999,-999,-999,-999,1,1
,169,,0.0,3.0,2.0,3.0,0.0,,2.0,2024-11-13T09:24:58.218Z,1,1,169,,0.0,,,3.0,3.0,1.0,0.0,18.0,1.0,71.0,2.0,3.7,1,1,hry,169,,0.0,1.0,3.0,,,-1.0,-4.0,2.0,3.0,3.0,-5.0,-5.0,-4.0,1,4,2,2,-3,0,-5,4,0,-5,-5,-5,1,-4,-1,1,4,1,4,4,5,5,4,7,9,4,3,6,1,10,9,1,1
,171,,0.0,3.0,2.0,3.0,0.0,,2.0,2024-11-13T09:25:04.126Z,1,1,171,,0.0,,,1.0,1.0,1.0,1.0,19.0,1.0,70.0,5.0,2.7,1,1,knb,171,,0.0,1.0,3.0,,,-3.0,-4.0,-2.0,3.0,-4.0,-5.0,1.0,-5.0,0,0,0,-3,-3,0,-4,2,0,-4,-5,-2,1,-4,-5,-5,4,2,4,2,5,5,4,7,8,6,5,7,2,11,6,1,1
,172,,0.0,3.0,1.0,3.0,1.0,,1.0,2024-11-13T08:25:02.633Z,1,1,172,,0.0,,,3.0,3.0,1.0,1.0,20.0,1.0,0.0,8.0,1.7,1,1,vtt,172,,0.0,4.0,,1.0,1.0,-888.0,-888.0,-888.0,-888.0,-888.0,-888.0,-888.0,-888.0,1,3,-888,-888,-888,-888,0,-888,3,-4,-888,-888,-888,-888,-888,-1,2,4,4,4,5,4,5,7,6,4,5,4,2,11,5,1,1
,173,,0.0,2.0,5.0,3.0,0.0,,2.0,2024-11-13T09:25:05.542Z,1,1,173,,0.0,,,2.0,2.0,1.0,1.0,19.0,1.0,50.0,7.0,2.3,1,1,3fv,173,,0.0,1.0,3.0,,,2.0,2.0,2.0,3.0,-1.0,-5.0,-3.0,-4.0,-1,2,2,-2,-4,0,-5,-3,-3,-5,-5,0,4,-5,-4,-5,4,2,4,4,4,5,5,7,8,5,4,6,2,10,8,1,1
,174,,0.0,3.0,2.0,3.0,0.0,,2.0,2024-11-13T09:25:07.921Z,1,1,174,,0.0,,,4.0,3.0,1.0,1.0,19.0,1.0,70.0,1.0,2.7,1,1,p49,174,,0.0,1.0,1.0,,,-4.0,-4.0,3.0,2.0,1.0,-5.0,0.0,0.0,-2,3,-2,-2,-4,0,-4,-3,4,-5,-3,-4,-1,-5,-3,-5,4,1,3,2,4,4,4,9,9,4,2,7,1,11,6,1,1
,175,,0.0,3.0,2.0,3.0,0.0,,1.0,2024-11-13T09:25:09.777Z,1,1,175,,0.0,,,3.0,3.0,0.0,1.0,21.0,2.0,21.0,4.0,2.3,1,1,av4,175,,0.0,1.0,3.0,,,-1.0,-1.0,2.0,4.0,0.0,-5.0,0.0,-4.0,-1,1,4,-1,-3,0,-4,3,3,-5,-5,-1,3,-4,-3,-2,4,3,4,4,5,4,3,8,8,6,4,7,3,10,8,1,1
,177,,0.0,2.0,4.0,3.0,0.0,,3.0,2024-11-13T09:25:23.349Z,1,1,177,,0.0,,,1.0,1.0,1.0,1.0,21.0,2.0,89.0,5.0,3.7,1,1,qxn,177,,0.0,2.0,,,,2.0,3.0,-1.0,-5.0,3.0,-2.0,-4.0,0.0,-5,-4,-3,2,-5,-5,2,1,0,-1,-5,5,-5,-5,0,-5,4,1,3,1,4,4,4,7,8,4,3,9,2,10,3,1,1
,178,,0.0,3.0,2.0,3.0,0.0,,1.0,2024-11-13T09:25:29.805Z,1,1,178,,0.0,,,3.0,4.0,1.0,0.0,19.0,2.0,72.0,6.0,2.0,1,1,rbc,178,,0.0,1.0,3.0,,,-3.0,-4.0,3.0,4.0,-2.0,-5.0,3.0,-3.0,-3,0,0,-3,-4,0,-5,4,3,-5,-5,-4,2,-4,-3,-5,4,4,5,3,3,4,4,7,8,5,4,6,3,9,5,1,1
,181,,0.0,3.0,2.0,3.0,0.0,,2.0,2024-11-13T09:25:35.720Z,1,1,181,,0.0,,,1.0,1.0,1.0,1.0,23.0,1.0,72.0,7.0,2.7,1,1,np4,181,,0.0,1.0,7.0,,,2.0,2.0,5.0,2.0,0.0,-5.0,0.0,3.0,-2,0,-3,-1,-5,-5,-5,2,-888,0,-5,-1,-1,-5,3,-5,5,3,5,4,5,5,5,-999,-999,-999,-999,-999,-999,-999,-999,1,1
,182,,0.0,3.0,2.0,3.0,0.0,,2.0,2024-11-13T09:25:38.064Z,1,1,182,,0.0,,,2.0,4.0,1.0,0.0,18.0,2.0,7.0,4.0,2.0,1,1,cfw,182,,0.0,1.0,4.0,,,3.0,2.0,-2.0,-3.0,4.0,-1.0,-3.0,-3.0,-5,3,1,5,1,3,-5,-2,-5,-5,-5,0,0,1,-1,-1,5,4,5,4,5,4,4,7,8,4,3,6,2,10,6,1,1
,183,,0.0,2.0,5.0,3.0,0.0,,2.0,2024-11-13T09:25:40.029Z,1,1,183,,0.0,,,3.0,3.0,1.0,1.0,21.0,2.0,73.0,7.0,2.7,1,1,dyb,183,,0.0,1.0,5.0,,,-4.0,-4.0,-1.0,3.0,-4.0,-5.0,5.0,-5.0,-2,4,-2,-5,-5,0,-5,-3,4,-5,-5,-5,-2,-5,-4,-5,4,2,5,2,4,4,4,9,10,7,5,8,2,11,10,1,1
,184,,0.0,2.0,5.0,3.0,0.0,,2.0,2024-11-13T09:25:51.079Z,1,1,184,,0.0,,,3.0,1.0,1.0,-999.0,25.0,1.0,47.0,6.0,2.0,1,1,gpt,184,,0.0,1.0,2.0,,,3.0,2.0,3.0,1.0,-1.0,-5.0,-2.0,1.0,-1,2,-3,1,0,3,-4,2,1,-5,-888,-888,-1,-4,-1,-888,4,4,4,4,4,4,5,8,8,5,2,9,1,11,2,1,1
,185,,0.0,3.0,1.0,5.0,0.0,,1.0,2024-11-13T09:25:59.506Z,1,1,185,,0.0,,,3.0,1.0,1.0,1.0,20.0,2.0,72.0,4.0,2.7,1,1,afp,185,,0.0,1.0,3.0,,,-1.0,-3.0,2.0,2.0,-2.0,-5.0,0.0,-4.0,1,5,0,-2,-2,5,-5,3,0,-5,-5,-3,2,-4,-5,-4,5,3,5,2,3,4,4,7,8,3,3,5,1,11,2,1,1
,186,,0.0,2.0,5.0,3.0,0.0,,2.0,2024-11-13T09:26:11.490Z,1,1,186,,0.0,,,4.0,4.0,1.0,1.0,21.0,1.0,72.0,7.0,2.3,1,1,asv,186,,0.0,1.0,3.0,,,-3.0,-4.0,2.0,3.0,-3.0,-5.0,2.0,0.0,1,4,2,-4,-5,2,-5,3,5,-5,-888,0,3,-5,0,-2,3,2,4,2,2,2,4,8,9,6,4,9,2,11,6,1,1
,187,,0.0,3.0,2.0,3.0,0.0,,2.0,2024-11-13T09:26:13.557Z,1,1,187,,0.0,,,4.0,3.0,1.0,1.0,21.0,2.0,78.0,7.0,2.7,1,1,cyg,187,,0.0,1.0,3.0,,,1.0,0.0,1.0,2.0,1.0,-5.0,-1.0,0.0,1,-3,-999,2,1,-1,-2,-1,-2,-4,-5,1,-2,-4,-1,-5,4,2,3,2,5,4,4,8,9,5,5,7,2,10,8,1,1
,188,,0.0,3.0,2.0,3.0,0.0,,1.0,2024-11-13T09:26:13.958Z,1,1,188,,0.0,,,4.0,4.0,1.0,1.0,18.0,1.0,78.0,1.0,3.3,1,1,xyg,188,,0.0,1.0,2.0,,,3.0,3.0,3.0,2.0,2.0,-5.0,-1.0,-1.0,0,3,-999,-1,-888,0,-5,-2,5,-5,-888,0,-2,-4,-2,-888,4,1,2,4,4,4,4,7,7,3,3,6,1,11,6,1,1
,189,,0.0,3.0,2.0,3.0,0.0,,2.0,2024-11-13T09:26:37.350Z,1,1,189,,0.0,,,4.0,3.0,1.0,1.0,20.0,1.0,79.0,7.0,3.3,1,1,yqq,189,,0.0,1.0,1.0,,,2.0,-1.0,4.0,3.0,0.0,-5.0,-1.0,-4.0,3,4,3,-1,0,-1,-3,3,3,-5,-5,-1,2,-5,-4,-5,4,3,4,4,4,4,4,8,9,6,5,8,3,11,3,1,1
,190,,0.0,3.0,1.0,3.0,0.0,,1.0,2024-11-13T09:26:55.091Z,1,1,190,,0.0,,,1.0,3.0,1.0,1.0,28.0,2.0,88.0,4.0,2.0,1,1,tfp,190,,0.0,1.0,2.0,,,4.0,5.0,-3.0,-5.0,-1.0,3.0,-5.0,1.0,-4,-5,-5,3,3,-4,5,-5,-5,4,4,4,-5,2,3,2,3,2,4,1,4,4,4,6,6,3,1,4,1,7,2,1,1
,191,,0.0,2.0,5.0,3.0,0.0,,3.0,2024-11-13T09:27:14.728Z,1,1,191,,0.0,,,4.0,3.0,1.0,1.0,18.0,2.0,14.0,7.0,1.3,1,1,dph,191,,0.0,1.0,5.0,,,-4.0,-4.0,2.0,-1.0,-5.0,-5.0,4.0,3.0,2,3,-3,-5,-4,-3,-4,-1,-4,-3,-5,-4,-2,-4,4,-4,5,2,5,2,4,4,4,8,9,4,5,8,2,10,3,1,1
,194,,0.0,3.0,2.0,3.0,0.0,,1.0,2024-11-13T09:27:46.351Z,1,1,194,,0.0,,,1.0,1.0,1.0,1.0,25.0,1.0,78.0,2.0,3.7,1,1,abc,194,,0.0,1.0,7.0,,,3.0,3.0,3.0,0.0,1.0,-5.0,-2.0,0.0,-2,0,0,1,-3,-4,-3,-1,-3,-2,-2,4,-3,-5,4,-5,4,4,4,3,4,3,3,7,7,3,3,5,-999,10,5,1,1
,199,,0.0,3.0,2.0,3.0,0.0,,2.0,2024-11-13T09:28:43.261Z,1,1,199,,0.0,,,3.0,3.0,1.0,1.0,18.0,2.0,78.0,2.0,3.0,1,1,ech,199,,0.0,1.0,2.0,,,5.0,3.0,-2.0,-4.0,1.0,-5.0,-5.0,-5.0,-4,3,-5,3,4,-4,-5,3,-5,-5,-5,3,1,-5,-5,-3,5,3,5,4,3,4,4,7,8,5,3,6,1,11,9,1,1
,23,,0.0,3.0,1.0,3.0,0.0,,1.0,2024-11-13T09:40:27.648Z,1,1,23,,0.0,,,3.0,1.0,1.0,1.0,26.0,2.0,88.0,6.0,3.3,1,1,p23,23,,0.0,1.0,2.0,,,3.0,4.0,-4.0,-4.0,-4.0,-4.0,-5.0,0.0,-2,0,-1,-3,2,3,-2,3,2,-4,-5,3,2,-3,2,-2,4,2,4,2,5,5,5,8,9,4,3,8,1,11,4,1,1
,32,,0.0,2.0,5.0,3.0,0.0,,2.0,2024-11-13T09:50:17.166Z,1,1,32,,0.0,,,-999.0,0.0,-999.0,0.0,24.0,1.0,78.0,7.0,2.0,1,1,hqf,32,,0.0,2.0,,,,1.0,2.0,1.0,3.0,1.0,1.0,2.0,2.0,0,2,2,0,1,2,0,1,-999,-888,-888,-888,-888,-888,-888,-888,3,3,3,3,3,3,3,6,6,6,6,6,6,6,6,1,1
,70,,0.0,3.0,2.0,3.0,0.0,,2.0,2024-11-13T09:23:42.213Z,1,1,70,,0.0,,,1.0,1.0,1.0,1.0,21.0,1.0,75.0,7.0,2.0,1,1,yfg,70,,0.0,1.0,3.0,,,0.0,0.0,2.0,2.0,0.0,-4.0,-3.0,-1.0,4,4,0,1,-2,-2,-4,1,-2,-5,-5,2,2,-4,1,-4,5,2,4,3,4,4,4,6,6,5,3,7,1,11,4,1,1
,138,,0.0,2.0,5.0,3.0,0.0,,2.0,2024-11-13T09:24:06.178Z,1,1,138,,0.0,,,2.0,1.0,1.0,1.0,21.0,1.0,88.0,7.0,2.0,1,1,mwh,138,,0.0,1.0,5.0,,,-2.0,-3.0,3.0,3.0,-2.0,-5.0,4.0,-3.0,1,3,-1,-3,-4,0,-5,3,2,-5,-5,-4,1,-5,-2,-5,4,3,4,3,4,4,4,9,10,6,5,7,2,11,5,1,1
,170,,0.0,3.0,2.0,3.0,0.0,,2.0,2024-11-13T09:25:01.878Z,1,1,170,,0.0,,,-999.0,3.0,1.0,-999.0,24.0,2.0,88.0,7.0,2.7,1,1,nek,170,,0.0,1.0,4.0,,,2.0,-3.0,3.0,-1.0,2.0,-5.0,-2.0,-5.0,-1,3,2,2,1,3,-3,-1,-5,-5,-5,-5,0,-5,-5,0,5,3,5,3,4,2,4,8,9,5,3,6,2,11,8,1,1
,180,,0.0,3.0,3.0,3.0,0.0,,2.0,2024-11-13T09:25:33.968Z,1,1,180,,0.0,,,1.0,3.0,1.0,1.0,19.0,2.0,78.0,2.0,3.0,1,1,ara,180,,0.0,1.0,6.0,,,3.0,-2.0,-4.0,-5.0,1.0,2.0,-5.0,-2.0,-5,-5,-4,2,-2,-5,2,-5,-5,-5,-5,-4,-5,-1,-3,-5,5,2,5,2,5,5,4,8,10,3,2,6,1,11,7,1,1
,193,,0.0,2.0,5.0,3.0,0.0,,3.0,2024-11-13T09:27:40.852Z,1,1,193,,0.0,,,4.0,3.0,1.0,1.0,20.0,1.0,79.0,4.0,2.7,1,1,gdg,193,,0.0,1.0,3.0,,,0.0,0.0,0.0,5.0,-1.0,-5.0,2.0,-4.0,-999,3,4,-2,-5,4,-5,4,2,-5,-5,-4,4,-5,-4,-5,4,4,3,4,4,4,4,6,6,6,4,3,1,11,9,1,1
,196,,0.0,3.0,2.0,3.0,0.0,,1.0,2024-11-13T09:28:02.411Z,1,1,196,,0.0,,,4.0,4.0,1.0,1.0,20.0,1.0,86.0,5.0,-888.0,1,1,xtk,196,,0.0,1.0,3.0,,,-5.0,-5.0,-2.0,3.0,-4.0,-5.0,-1.0,-2.0,-1,4,1,-4,-5,2,-5,3,3,-5,-5,-5,5,-5,-1,-3,4,3,3,2,4,4,4,8,8,6,5,7,4,10,6,1,1
,200,,0.0,3.0,2.0,3.0,0.0,,1.0,2024-11-13T09:28:48.555Z,1,1,200,,0.0,,,1.0,4.0,0.0,0.0,21.0,2.0,78.0,4.0,-888.0,1,1,9fs,200,,0.0,1.0,3.0,,,-3.0,-4.0,2.0,3.0,-1.0,-5.0,-3.0,-5.0,1,2,5,-2,-3,0,-2,4,4,-5,-5,-4,-2,-5,-5,-5,4,2,5,1,4,4,4,8,9,5,4,7,2,11,10,1,1
,2,,0.0,3.0,2.0,3.0,0.0,,2.0,2024-11-13T09:36:06.708Z,1,1,2,,0.0,,,2.0,2.0,0.0,1.0,18.0,1.0,89.0,7.0,2.0,1,1,4gw,2,,0.0,1.0,1.0,,,-2.0,-4.0,4.0,1.0,-5.0,-5.0,1.0,-4.0,2,5,2,-2,-5,-1,-5,-888,4,-5,-5,-5,4,-5,-1,-5,5,4,5,5,5,4,5,7,10,5,3,7,2,11,7,1,1
,3,,0.0,3.0,2.0,3.0,0.0,,1.0,2024-11-13T09:36:16.278Z,1,1,3,,0.0,,,3.0,3.0,1.0,1.0,21.0,2.0,78.0,4.0,1.3,1,1,mbf,3,,0.0,1.0,4.0,,,1.0,1.0,-2.0,4.0,4.0,-5.0,-3.0,-5.0,-2,-3,2,4,0,2,-4,5,-3,-5,-5,-1,0,-4,-3,-3,5,3,4,4,4,5,4,8,9,4,5,7,2,11,9,1,1
,5,,0.0,3.0,2.0,3.0,0.0,,2.0,2024-11-13T09:36:23.862Z,1,1,5,,0.0,,,4.0,4.0,1.0,1.0,19.0,2.0,75.0,1.0,-888.0,1,1,ytr,5,,0.0,1.0,6.0,,,-2.0,0.0,-4.0,-4.0,1.0,3.0,-5.0,-2.0,-4,-2,-3,3,2,0,3,-4,-5,1,-1,0,-5,3,-4,2,5,2,5,1,4,3,4,4,7,2,3,8,1,9,2,1,1
,7,,0.0,3.0,2.0,3.0,0.0,,2.0,2024-11-13T09:36:33.245Z,1,1,7,,0.0,,,4.0,1.0,1.0,1.0,19.0,2.0,97.0,3.0,2.3,1,1,sbf,7,,0.0,1.0,2.0,,,5.0,5.0,2.0,1.0,0.0,-5.0,1.0,-1.0,3,2,4,0,5,4,-3,3,5,-5,-4,4,3,2,1,2,4,1,3,2,4,4,3,6,7,7,6,5,2,11,8,1,1
,9,,0.0,3.0,2.0,3.0,0.0,,2.0,2024-11-13T09:36:44.037Z,1,1,9,,0.0,,,-999.0,4.0,-999.0,1.0,21.0,2.0,72.0,1.0,2.7,1,1,ydy,9,,0.0,1.0,1.0,,,-4.0,-4.0,2.0,-3.0,-2.0,-5.0,1.0,-4.0,-1,-1,2,-2,-5,-4,-5,-2,2,-5,-5,-3,-4,-3,-3,-5,5,2,4,2,5,4,4,8,9,5,4,7,1,11,8,1,1
,10,,0.0,3.0,2.0,3.0,0.0,,2.0,2024-11-13T09:36:45.746Z,1,1,10,,0.0,,,4.0,4.0,1.0,1.0,25.0,2.0,91.0,2.0,3.0,1,1,3ya,10,,0.0,1.0,3.0,,,0.0,-2.0,4.0,4.0,-4.0,-5.0,-2.0,-3.0,2,2,0,-3,-2,-2,-5,1,1,-5,-5,-1,4,-5,-2,-1,4,3,5,4,4,4,4,6,7,4,3,9,1,11,2,1,1
,11,,0.0,2.0,4.0,3.0,0.0,,3.0,2024-11-13T09:36:49.626Z,1,1,11,,0.0,,,1.0,4.0,1.0,1.0,26.0,2.0,72.0,1.0,-888.0,1,1,cyw,11,,0.0,1.0,8.0,,,-3.0,-4.0,-4.0,-3.0,-3.0,-5.0,-3.0,-4.0,-4,-4,2,-3,-5,0,-5,-4,3,-5,-5,-4,-3,-5,-3,-5,3,1,2,1,3,3,3,9,10,5,4,7,2,11,8,1,1
,17,,0.0,3.0,2.0,3.0,0.0,,1.0,2024-11-13T09:37:38.411Z,1,1,17,,0.0,,,1.0,1.0,1.0,1.0,19.0,2.0,72.0,4.0,-888.0,1,1,dxp,17,,0.0,1.0,3.0,,,-4.0,-5.0,0.0,1.0,-2.0,-5.0,-4.0,-4.0,-2,-1,-1,-3,-4,1,-5,2,-3,-5,-5,-4,-2,-5,-5,-4,4,2,4,2,5,4,4,9,10,5,4,6,1,11,9,1,1
,24,,0.0,3.0,2.0,3.0,0.0,,,2024-11-13T09:42:08.474Z,1,1,24,,0.0,,,3.0,3.0,1.0,1.0,20.0,2.0,70.0,3.0,3.0,1,1,vcb,24,,0.0,1.0,2.0,,,3.0,2.0,-1.0,-1.0,3.0,-5.0,-5.0,-5.0,-3,0,2,2,4,4,2,1,-1,-5,-4,4,2,-4,-4,-2,5,3,5,2,4,5,5,7,-999,5,4,7,2,9,2,1,1
,31,,0.0,3.0,2.0,3.0,0.0,,1.0,2024-11-13T09:48:14.110Z,1,1,31,,0.0,,,3.0,3.0,1.0,1.0,23.0,1.0,71.0,6.0,2.7,1,1,luk,31,,0.0,1.0,3.0,,,-2.0,-3.0,0.0,3.0,-3.0,-5.0,1.0,-4.0,1,0,2,-4,-3,0,-5,5,3,-5,-5,-5,2,-5,-3,-888,4,2,4,3,3,3,4,8,9,7,5,7,3,11,10,1,1
