participant.label,conjoint_app.1.player.device_type,conjoint_app.1.player.operating_system,conjoint_app.1.player.browser,conjoint_app.1.player.lang,conjoint_app.1.player.use_of_device,conjoint_app.1.player.time_start,demographic_app.1.player.rent,demographic_app.1.player.income,demographic_app.1.player.edu_father,demographic_app.1.player.edu_mother,demographic_app.1.player.ocu_father,demographic_app.1.player.ocu_mother,demographic_app.1.player.age,demographic_app.1.player.gender,demographic_app.1.player.study_program,demographic_app.1.player.study_program_other,demographic_app.1.player.postcode,demographic_app.1.player.tutorial,demographic_app.1.player.grade,demographic_app.1.player.social_networks_1,demographic_app.1.player.social_networks_2,demographic_app.1.player.social_networks_3,demographic_app.1.player.social_networks_4,demographic_app.1.player.social_networks_5,demographic_app.1.player.social_networks_6,demographic_app.1.player.social_networks_7,demographic_app.1.player.social_networks_8,demographic_app.1.player.social_networks_9,demographic_app.1.player.social_networks_10,demographic_app.1.player.social_networks_11,demographic_app.1.player.participation_demonstration,demographic_app.1.player.participation_demonstration_1,demographic_app.1.player.petition_signatory,demographic_app.1.player.petition_signatory_1,network_app.1.player.participantcode,network_app.1.player.linksrechts_self,political_app.1.player.sunday_poll,political_app.1.player.sunday_party_vote,political_app.1.player.sunday_not_eligible,political_app.1.player.noteligible_sunday_party_vote,political_app.1.player.reason_no_vote,political_app.1.player.lr_CDU,political_app.1.player.lr_CSU,political_app.1.player.lr_SPD,political_app.1.player.lr_Gruene,political_app.1.player.lr_FDP,political_app.1.player.lr_Linke,political_app.1.player.lr_AfD,political_app.1.player.lr_BSW,political_app.1.player.scalo_cdu,political_app.1.player.scalo_csu,political_app.1.player.scalo_spd,political_app.1.player.scalo_gruene,political_app.1.player.scalo_fdp,political_app.1.player.scalo_afd,political_app.1.player.scalo_linke,political_app.1.player.scalo_bsw,political_app.1.player.scalo_pep1,political_app.1.player.scalo_pep2,political_app.1.player.scalo_pep3,political_app.1.player.scalo_pep4,political_app.1.player.scalo_pep5,political_app.1.player.scalo_pep6,political_app.1.player.scalo_pep7,political_app.1.player.scalo_pep8,political_app.1.player.scalo_pep9,political_app.1.player.scalo_pep10,political_app.1.player.scalo_pep11,political_app.1.player.scalo_pep12,political_app.1.player.scalo_pep13,political_app.1.player.scalo_pep14,political_app.1.player.scalo_pep15,political_app.1.player.scalo_pep16,political_app.1.player.politics_question_one,political_app.1.player.politics_question_two,political_app.1.player.politics_question_three,political_app.1.player.politics_question_four,political_app.1.player.politics_question_five,political_app.1.player.politics_question_six,political_app.1.player.politics_question_seven,end_app.1.player.rnumber,end_app.1.player.rnumbercheck
ddh,3.0,1.0,4.0,0.0,1.0,2024-12-10T14:26:13.374Z,750.0,2100.0,2.0,2.0,1.0,1.0,19.0,2.0,1.0,0,0.0,2.0,2.0,1.0,1.0,1.0,1.0,0.0,1.0,1.0,1.0,0.0,0.0,0,1.0,1.0,1.0,1.0,0,3,1.0,3.0,0.0,0.0,0,9,10,4,2,6,1,11,5,-4.0,-4.0,1.0,1.0,-2.0,-5.0,-1.0,-4.0,-3,-3,0,-3,-5,-1,-5,4,-1,-5,-5,-5,-3,-5,-4,-5,5,3,5,4,5,5,5,145701,145701.0
evh,2.0,4.0,3.0,0.0,2.0,2024-12-10T14:26:23.187Z,450.0,1300.0,-999.0,2.0,-999.0,1.0,22.0,2.0,2.0,0,76.0,7.0,4.0,0.0,1.0,0.0,1.0,0.0,1.0,0.0,1.0,0.0,0.0,0,1.0,1.0,1.0,2.0,0,2,1.0,5.0,0.0,0.0,0,7,8,5,4,9,2,11,10,-4.0,-4.0,-1.0,0.0,-5.0,-5.0,2.0,-5.0,-2,-2,0,-5,-5,1,-5,3,4,-5,-5,-5,-2,-5,-5,-5,5,1,5,1,4,3,3,843370,843370.0
bs3,3.0,1.0,3.0,0.0,1.0,2024-12-10T14:26:47.791Z,410.0,400.0,1.0,1.0,1.0,1.0,19.0,1.0,1.0,0,97.0,6.0,3.0,0.0,1.0,0.0,1.0,0.0,0.0,0.0,1.0,0.0,0.0,0,2.0,0.0,1.0,2.0,0,3,1.0,3.0,0.0,0.0,0,8,8,4,4,6,1,-999,10,-2.0,-2.0,4.0,3.0,-1.0,-5.0,0.0,-5.0,3,-999,3,-1,-5,3,-5,4,0,-5,-5,-1,3,-5,-5,-4,5,5,5,4,4,4,3,516998,516998.0
k4w,2.0,4.0,3.0,0.0,3.0,2024-12-10T14:26:25.321Z,0.0,850.0,3.0,2.0,1.0,1.0,26.0,1.0,4.0,0,78.0,5.0,4.0,0.0,0.0,0.0,1.0,1.0,1.0,1.0,1.0,1.0,0.0,0,2.0,0.0,1.0,2.0,0,7,1.0,2.0,0.0,0.0,0,7,9,6,5,7,2,10,11,3.0,-999.0,1.0,0.0,3.0,-4.0,-5.0,-999.0,2,-1,2,-2,0,-2,-4,4,-3,-4,-5,3,0,-3,-4,-999,4,3,4,1,3,5,4,845841,845841.0
39b,2.0,5.0,3.0,0.0,1.0,2024-12-10T14:26:26.807Z,0.0,400.0,2.0,2.0,1.0,1.0,18.0,1.0,1.0,0,88.0,6.0,-999.0,0.0,0.0,0.0,1.0,0.0,1.0,1.0,1.0,1.0,1.0,0,1.0,1.0,1.0,2.0,0,4,1.0,3.0,0.0,0.0,0,8,9,5,4,5,1,-999,9,-3.0,-4.0,3.0,3.0,-2.0,-5.0,3.0,-4.0,1,3,-2,-4,-5,-1,-4,3,-1,-4,-5,-4,3,-4,-3,-5,4,3,4,2,4,4,4,974915,974915.0
m49,3.0,2.0,3.0,0.0,2.0,2024-12-10T14:26:38.096Z,370.0,900.0,4.0,4.0,1.0,1.0,23.0,1.0,1.0,0,78.0,2.0,2.3,0.0,0.0,0.0,1.0,0.0,1.0,1.0,1.0,0.0,0.0,0,1.0,1.0,1.0,2.0,0,2,1.0,3.0,0.0,0.0,0,9,10,7,4,9,2,11,1,-4.0,-5.0,-2.0,4.0,-5.0,-5.0,2.0,-5.0,-2,2,2,-5,-5,4,-5,4,2,-5,-5,-5,4,-5,-5,-5,5,2,4,3,5,5,5,201723,201723.0
cyw,2.0,4.0,3.0,0.0,3.0,2024-12-10T14:26:36.783Z,0.0,1200.0,1.0,3.0,1.0,1.0,26.0,2.0,3.0,0,72.0,1.0,-999.0,0.0,0.0,0.0,1.0,0.0,1.0,1.0,1.0,0.0,0.0,0,1.0,2.0,2.0,0.0,0,5,1.0,2.0,0.0,0.0,0,8,9,5,4,7,3,10,6,-2.0,-3.0,-3.0,-2.0,-3.0,-5.0,-2.0,-4.0,-4,-3,1,-2,-3,-2,-5,-2,2,-5,-5,-4,-3,-5,-3,-5,2,1,3,4,2,2,2,974804,974804.0
bqr,3.0,1.0,5.0,0.0,1.0,2024-12-10T14:26:41.821Z,410.0,700.0,3.0,1.0,1.0,1.0,19.0,2.0,1.0,0,70.0,5.0,2.7,0.0,1.0,0.0,1.0,0.0,1.0,1.0,1.0,0.0,0.0,"Letterboxd, Discord",1.0,1.0,1.0,1.0,0,2,1.0,5.0,0.0,0.0,0,7,8,6,5,7,3,9,8,-2.0,-3.0,1.0,1.0,-2.0,-4.0,3.0,-1.0,-2,-2,0,-3,-2,4,-4,3,5,-4,-5,-4,0,-3,-1,-5,4,2,4,4,3,5,4,967185,967185.0
e4u,3.0,2.0,3.0,0.0,1.0,2024-12-10T14:26:43.664Z,540.0,1000.0,3.0,3.0,1.0,1.0,26.0,2.0,1.0,0,89.0,1.0,2.0,0.0,0.0,0.0,0.0,0.0,1.0,0.0,1.0,0.0,0.0,0,1.0,1.0,1.0,2.0,0,6,1.0,3.0,0.0,0.0,0,8,9,3,2,9,2,11,-999,-3.0,-3.0,0.0,3.0,3.0,-5.0,-4.0,0.0,0,1,-2,1,0,0,2,3,0,0,-5,-1,0,-5,0,1,4,2,4,3,5,5,4,735289,735289.0
vgv,2.0,5.0,3.0,0.0,2.0,2024-12-10T14:26:44.648Z,450.0,1095.0,-999.0,1.0,-999.0,1.0,18.0,1.0,1.0,0,73.0,2.0,2.7,1.0,0.0,0.0,1.0,0.0,1.0,1.0,1.0,1.0,0.0,0,1.0,1.0,1.0,2.0,0,4,1.0,3.0,0.0,0.0,0,8,9,6,4,7,1,11,8,-3.0,-4.0,3.0,4.0,1.0,-5.0,-2.0,-4.0,1,4,2,-1,-4,0,-5,5,3,-5,-5,-4,3,-5,-3,-4,5,4,4,2,4,4,4,424953,424953.0
xtk,3.0,2.0,3.0,0.0,2.0,2024-12-10T14:26:45.703Z,590.0,500.0,3.0,3.0,1.0,1.0,20.0,1.0,1.0,0,86.0,5.0,-999.0,0.0,0.0,0.0,1.0,0.0,1.0,1.0,1.0,1.0,0.0,0,2.0,0.0,1.0,2.0,0,4,1.0,3.0,0.0,0.0,0,8,9,6,5,7,4,11,-999,-4.0,-4.0,0.0,3.0,-3.0,-5.0,0.0,-5.0,2,3,2,-3,-4,2,-5,4,3,-5,-5,-4,4,-5,-3,-4,4,4,3,2,4,4,4,797376,797376.0
uhg,3.0,2.0,3.0,0.0,2.0,2024-12-10T14:26:48.771Z,600.0,900.0,3.0,3.0,1.0,1.0,20.0,1.0,1.0,0,73.0,2.0,2.3,0.0,0.0,0.0,1.0,0.0,1.0,1.0,1.0,0.0,0.0,0,1.0,1.0,1.0,0.0,0,3,1.0,3.0,0.0,0.0,0,8,9,4,3,8,1,11,10,-4.0,-4.0,2.0,4.0,-3.0,-5.0,0.0,-5.0,1,2,3,-5,-5,2,-5,5,4,-5,-5,-5,3,-5,-5,-4,4,3,2,3,5,4,4,934066,934066.0
4gw,3.0,2.0,3.0,0.0,1.0,2024-12-10T14:26:49.606Z,330.0,1200.0,1.0,2.0,0.0,1.0,19.0,1.0,4.0,0,89.0,7.0,2.0,0.0,0.0,1.0,1.0,1.0,1.0,1.0,1.0,1.0,0.0,0,1.0,1.0,1.0,2.0,0,5,1.0,1.0,0.0,0.0,0,8,10,6,4,7,1,11,7,-3.0,-4.0,4.0,3.0,-2.0,-5.0,2.0,-4.0,0,4,-1,-4,-5,0,-5,5,2,-5,-5,-4,1,-5,-4,-5,5,4,5,4,5,5,5,318461,318461.0
qqt,3.0,1.0,3.0,1.0,1.0,2024-12-10T14:26:51.677Z,402.0,600.0,1.0,1.0,1.0,0.0,21.0,1.0,1.0,0,0.0,8.0,2.3,1.0,1.0,1.0,1.0,0.0,1.0,1.0,1.0,1.0,0.0,0,1.0,1.0,1.0,1.0,0,3,4.0,0.0,2.0,0.0,0,7,6,6,4,-999,-999,11,-999,0.0,0.0,0.0,1.0,-999.0,-5.0,-999.0,-999.0,-1,3,-999,-1,-999,2,-4,-999,2,-5,-999,2,-999,-4,-999,-5,2,-999,1,2,4,4,4,660115,660115.0
v3e,3.0,2.0,3.0,0.0,2.0,2024-12-10T14:26:51.284Z,550.0,800.0,4.0,1.0,0.0,1.0,20.0,1.0,1.0,0,22.0,3.0,3.3,0.0,0.0,0.0,1.0,0.0,0.0,0.0,1.0,0.0,0.0,0,1.0,1.0,1.0,2.0,0,6,2.0,1.0,0.0,0.0,0,7,8,4,3,8,2,11,2,0.0,-2.0,0.0,-2.0,-1.0,-5.0,-5.0,-5.0,-5,-3,-4,-4,-4,-3,-5,-3,-5,-5,-5,-4,-2,-5,-4,-4,4,3,4,2,5,5,5,453095,453095.0
gdg,2.0,5.0,3.0,0.0,3.0,2024-12-10T14:26:51.476Z,330.0,400.0,3.0,3.0,1.0,1.0,20.0,1.0,1.0,0,79.0,4.0,2.0,0.0,0.0,0.0,1.0,0.0,1.0,1.0,1.0,0.0,0.0,0,1.0,1.0,1.0,2.0,0,4,1.0,3.0,0.0,0.0,0,7,8,6,5,8,2,-999,10,-2.0,-3.0,0.0,3.0,-1.0,-5.0,-999.0,-3.0,1,3,-999,-3,-3,3,-4,-999,1,-5,-5,-3,3,-5,-4,-4,4,2,3,2,4,4,3,472803,472803.0
pkt,2.0,5.0,3.0,0.0,3.0,2024-12-10T14:26:52.109Z,370.0,520.0,3.0,1.0,1.0,1.0,23.0,1.0,4.0,0,76.0,6.0,2.0,0.0,0.0,0.0,0.0,0.0,1.0,1.0,0.0,0.0,0.0,0,1.0,1.0,2.0,0.0,0,7,1.0,4.0,0.0,0.0,0,8,8,5,3,7,2,11,1,-1.0,-2.0,-3.0,-1.0,0.0,-4.0,-4.0,-4.0,-1,1,-2,1,-1,0,-3,-2,-2,-3,-3,-3,-1,-2,-2,-4,5,1,4,2,5,5,5,292766,292766.0
afp,3.0,1.0,5.0,0.0,1.0,2024-12-10T14:26:52.921Z,600.0,500.0,3.0,1.0,1.0,1.0,20.0,2.0,1.0,0,72.0,4.0,2.3,0.0,0.0,0.0,0.0,0.0,1.0,1.0,1.0,0.0,0.0,0,2.0,0.0,1.0,2.0,0,4,1.0,1.0,0.0,0.0,0,7,9,4,3,5,1,11,-999,-1.0,-3.0,2.0,2.0,-2.0,-5.0,0.0,-5.0,1,4,0,-3,-1,5,-5,3,-2,-5,-5,-2,2,-5,-5,-2,4,4,4,2,4,4,4,290492,290492.0
vnb,3.0,1.0,3.0,0.0,1.0,2024-12-10T14:26:50.959Z,528.0,700.0,1.0,1.0,-999.0,0.0,22.0,2.0,1.0,0,42.0,2.0,2.0,0.0,1.0,0.0,1.0,0.0,1.0,0.0,1.0,0.0,0.0,0,1.0,2.0,1.0,2.0,0,7,2.0,0.0,0.0,0.0,0,6,6,5,5,7,3,10,4,-2.0,-2.0,-2.0,-2.0,-2.0,-2.0,-2.0,-2.0,-2,-3,-4,-2,-2,-1,-1,-2,-3,-5,-5,-2,-3,-5,-1,-5,5,3,4,3,5,5,4,341843,341843.0
ara,3.0,3.0,3.0,0.0,2.0,2024-12-10T14:26:52.996Z,406.0,200.0,1.0,4.0,1.0,1.0,19.0,2.0,1.0,0,78.0,2.0,4.0,0.0,1.0,0.0,1.0,0.0,1.0,0.0,1.0,0.0,0.0,0,1.0,2.0,1.0,1.0,0,7,1.0,6.0,0.0,0.0,0,9,10,4,2,6,1,-999,9,-1.0,-3.0,-4.0,-5.0,-5.0,-2.0,-5.0,-3.0,-5,-5,-2,-4,-5,-5,1,-5,-5,-5,-5,-4,-5,-2,-2,-5,5,2,5,1,5,4,5,618634,618634.0
4ww,3.0,2.0,3.0,0.0,1.0,2024-12-10T14:26:53.303Z,345.0,1200.0,3.0,-999.0,1.0,1.0,18.0,2.0,1.0,0,88.0,4.0,2.3,0.0,1.0,0.0,1.0,0.0,1.0,1.0,1.0,1.0,0.0,Reddit,2.0,0.0,2.0,0.0,0,2,1.0,5.0,0.0,0.0,0,9,10,5,4,8,2,11,9,-4.0,-4.0,2.0,3.0,-4.0,-5.0,4.0,-5.0,1,1,4,-4,-4,2,-5,4,4,-5,-5,-4,3,-5,-4,-5,4,2,4,2,4,4,5,886450,886450.0
4dk,3.0,1.0,3.0,0.0,1.0,2024-12-10T13:26:36.416Z,340.0,0.0,1.0,1.0,1.0,1.0,20.0,2.0,1.0,0,78.0,1.0,3.3,0.0,0.0,0.0,1.0,1.0,0.0,0.0,1.0,0.0,0.0,0,1.0,1.0,2.0,0.0,0,4,1.0,1.0,0.0,0.0,0,8,9,6,4,7,1,11,9,-2.0,-4.0,3.0,3.0,-4.0,-5.0,-2.0,-4.0,1,3,3,-4,-4,-3,-5,4,-3,-5,-5,-4,4,-5,-2,-4,5,4,5,4,4,5,4,317278,317278.0
mhp,3.0,1.0,3.0,1.0,1.0,2024-12-10T14:26:56.204Z,325.0,700.0,3.0,2.0,0.0,0.0,21.0,2.0,1.0,0,0.0,8.0,2.0,1.0,1.0,1.0,1.0,1.0,1.0,0.0,1.0,0.0,1.0,0,1.0,1.0,1.0,2.0,0,5,4.0,0.0,1.0,2.0,0,5,-999,5,2,-999,-999,11,-999,0.0,0.0,0.0,-5.0,0.0,-3.0,0.0,0.0,-999,-5,-999,-999,-999,0,-4,-999,-4,0,-999,-999,-999,-999,-999,-5,5,-999,2,1,5,4,4,932138,932138.0
dmd,3.0,1.0,3.0,1.0,1.0,2024-12-10T14:26:56.521Z,495.0,880.0,3.0,3.0,1.0,0.0,19.0,2.0,1.0,0,0.0,8.0,2.7,0.0,0.0,0.0,1.0,0.0,1.0,0.0,0.0,0.0,1.0,0,1.0,1.0,1.0,1.0,0,6,4.0,0.0,1.0,2.0,0,5,5,4,3,7,2,1,1,3.0,0.0,1.0,1.0,1.0,-4.0,-3.0,-3.0,1,1,0,1,2,3,0,0,-3,-5,0,-3,1,-2,-3,1,4,4,3,2,4,5,4,982933,982933.0
gth,2.0,4.0,3.0,1.0,3.0,2024-12-10T14:26:58.759Z,368.0,1200.0,2.0,3.0,1.0,1.0,22.0,1.0,1.0,0,0.0,8.0,2.3,0.0,0.0,0.0,1.0,0.0,0.0,1.0,0.0,0.0,0.0,0,2.0,0.0,2.0,0.0,0,4,0.0,0.0,0.0,0.0,0,9,9,4,4,6,3,11,6,-3.0,-3.0,4.0,4.0,3.0,-5.0,-999.0,0.0,0,4,0,0,0,3,-5,0,4,-5,0,0,0,0,0,-5,4,4,3,4,5,5,5,870321,870321.0
byq,3.0,2.0,3.0,0.0,2.0,2024-12-10T14:26:58.287Z,412.0,800.0,3.0,3.0,1.0,1.0,19.0,1.0,1.0,0,83.0,2.0,-999.0,0.0,0.0,0.0,1.0,1.0,1.0,0.0,1.0,1.0,1.0,0,1.0,1.0,1.0,2.0,0,1,1.0,5.0,0.0,0.0,0,11,11,7,6,9,3,11,10,-5.0,-5.0,-1.0,1.0,-5.0,-5.0,4.0,-5.0,-3,-3,-2,-5,-5,-4,-5,1,5,-5,-5,-5,-1,-5,-5,-5,4,2,5,3,4,4,4,397603,397603.0
knb,3.0,2.0,3.0,0.0,2.0,2024-12-10T14:26:58.743Z,345.0,0.0,2.0,1.0,1.0,1.0,19.0,1.0,1.0,0,70.0,5.0,2.3,0.0,0.0,0.0,1.0,0.0,1.0,1.0,1.0,0.0,1.0,0,1.0,1.0,1.0,1.0,0,3,1.0,3.0,0.0,0.0,0,7,9,6,4,9,2,11,8,-2.0,-3.0,-1.0,3.0,-3.0,-5.0,2.0,-5.0,-1,3,1,-3,-3,0,-5,4,0,-5,-5,-3,2,-5,-5,-5,4,2,4,3,5,5,4,439999,439999.0
ngv,3.0,1.0,2.0,0.0,1.0,2024-12-10T14:26:59.971Z,500.0,0.0,4.0,2.0,0.0,1.0,19.0,1.0,1.0,0,50.0,2.0,3.0,0.0,0.0,0.0,1.0,1.0,1.0,0.0,1.0,1.0,0.0,0,1.0,1.0,1.0,1.0,0,2,1.0,5.0,0.0,0.0,0,8,9,5,5,7,2,11,11,-4.0,-4.0,2.0,2.0,-4.0,-5.0,5.0,-5.0,2,2,3,-5,-5,2,-5,3,4,-5,-5,-5,3,-5,-5,-5,4,2,5,3,4,4,4,555803,555803.0
ceh,3.0,2.0,3.0,0.0,1.0,2024-12-10T14:27:00.984Z,0.0,530.0,-999.0,-999.0,1.0,1.0,18.0,1.0,1.0,0,78.0,2.0,3.0,0.0,0.0,0.0,1.0,0.0,1.0,1.0,1.0,1.0,0.0,0,1.0,1.0,1.0,2.0,0,3,1.0,3.0,0.0,0.0,0,7,7,7,3,4,1,11,8,-5.0,-5.0,3.0,2.0,0.0,-5.0,2.0,-3.0,-3,5,0,-5,-5,0,-5,3,-5,-5,-5,3,0,-5,-3,-999,4,-999,4,-999,5,4,4,253028,253028.0
hmt,3.0,1.0,5.0,0.0,1.0,2024-12-10T14:27:00.948Z,410.0,700.0,2.0,3.0,1.0,1.0,22.0,2.0,4.0,0,77.0,1.0,3.7,0.0,0.0,0.0,1.0,0.0,1.0,1.0,1.0,0.0,0.0,0,1.0,1.0,1.0,2.0,0,3,1.0,5.0,0.0,0.0,0,9,9,6,6,8,2,11,5,-4.0,-4.0,2.0,1.0,-3.0,-5.0,4.0,-3.0,2,1,4,-3,-4,0,-5,1,-1,-5,-5,-4,1,-5,-2,-3,5,3,5,3,4,4,4,437638,437638.0
yte,3.0,2.0,3.0,0.0,2.0,2024-12-10T14:27:02.867Z,420.0,1000.0,3.0,3.0,1.0,1.0,22.0,2.0,1.0,0,70.0,6.0,3.0,0.0,1.0,0.0,1.0,0.0,1.0,1.0,1.0,1.0,1.0,0,1.0,2.0,1.0,2.0,0,4,1.0,1.0,0.0,0.0,0,8,9,4,5,6,1,10,8,1.0,0.0,3.0,3.0,1.0,-5.0,-3.0,-5.0,2,2,3,-1,-2,0,-3,3,0,-4,-5,-2,1,-4,-4,-4,4,4,4,4,5,5,4,884337,884337.0
ngr,3.0,1.0,3.0,0.0,1.0,2024-12-10T14:27:01.403Z,375.0,800.0,2.0,1.0,1.0,1.0,21.0,1.0,4.0,0,88.0,2.0,3.7,0.0,0.0,0.0,1.0,0.0,1.0,1.0,1.0,0.0,0.0,0,1.0,1.0,1.0,2.0,0,5,1.0,1.0,0.0,0.0,0,6,8,4,3,8,1,11,6,1.0,1.0,3.0,2.0,0.0,-5.0,-5.0,2.0,2,3,-4,0,-3,-4,-5,2,4,-5,-5,-2,-1,-5,2,-5,4,2,5,2,4,4,5,128145,128145.0
9fx,3.0,2.0,3.0,0.0,2.0,2024-12-10T14:27:04.115Z,270.0,250.0,1.0,3.0,1.0,1.0,19.0,2.0,1.0,0,71.0,1.0,3.0,0.0,0.0,0.0,1.0,0.0,1.0,1.0,1.0,1.0,0.0,0,1.0,2.0,1.0,1.0,0,3,1.0,1.0,0.0,0.0,0,7,8,3,2,7,1,10,10,-3.0,-5.0,5.0,3.0,-2.0,-5.0,-4.0,-5.0,-3,2,2,-4,-5,1,-4,3,0,-5,-5,-5,0,-5,-5,-5,5,3,5,3,4,5,4,931454,931454.0
ryn,2.0,4.0,3.0,0.0,2.0,2024-12-10T14:26:48.810Z,0.0,700.0,2.0,2.0,1.0,1.0,24.0,1.0,2.0,0,22.0,-999.0,1.0,0.0,0.0,0.0,0.0,0.0,1.0,0.0,1.0,0.0,1.0,0,1.0,1.0,1.0,1.0,0,4,1.0,3.0,0.0,0.0,0,8,9,4,3,7,2,11,8,0.0,-2.0,3.0,4.0,-1.0,-4.0,3.0,-3.0,-1,1,3,-1,-3,3,-3,3,4,-5,-5,-1,3,-4,-2,-4,4,4,4,4,4,4,4,171502,171502.0
wrc,3.0,1.0,5.0,0.0,1.0,2024-12-10T14:27:05.323Z,410.0,900.0,2.0,1.0,1.0,1.0,20.0,1.0,-999.0,"Politik, Verwaltung und Management ",71.0,8.0,2.3,0.0,0.0,1.0,1.0,0.0,1.0,0.0,1.0,0.0,0.0,0,1.0,2.0,2.0,0.0,0,4,1.0,1.0,0.0,0.0,0,8,9,4,3,7,2,11,-999,-3.0,-3.0,3.0,2.0,-1.0,-5.0,1.0,-4.0,0,2,0,-3,-3,2,-4,0,1,-5,-5,-4,2,-5,-5,-5,3,2,2,3,2,3,3,705298,705298.0
9gt,3.0,2.0,3.0,0.0,2.0,2024-12-10T14:27:05.454Z,250.0,520.0,4.0,4.0,1.0,1.0,20.0,2.0,1.0,0,10.0,3.0,3.0,1.0,1.0,0.0,1.0,0.0,1.0,1.0,1.0,1.0,1.0,0,1.0,1.0,2.0,0.0,0,8,1.0,4.0,0.0,0.0,0,9,10,3,4,7,1,11,5,3.0,3.0,-2.0,-1.0,4.0,1.0,-5.0,-4.0,-2,-2,-2,4,4,-1,4,-2,-5,-5,-2,2,0,-1,-4,4,4,3,4,3,3,3,2,575379,575379.0
yer,3.0,2.0,3.0,0.0,2.0,2024-12-10T14:27:05.677Z,0.0,410.0,1.0,1.0,1.0,1.0,19.0,2.0,4.0,0,78.0,4.0,3.0,0.0,0.0,0.0,1.0,0.0,1.0,1.0,1.0,1.0,0.0,0,2.0,0.0,1.0,1.0,0,7,1.0,3.0,0.0,0.0,0,7,8,5,3,6,1,11,2,-1.0,-2.0,4.0,5.0,1.0,-5.0,0.0,1.0,2,3,4,-2,-4,0,-4,5,-1,-5,-999,-2,2,-5,2,-999,4,2,4,2,5,5,5,433755,433755.0
tpu,3.0,2.0,3.0,1.0,1.0,2024-12-10T14:27:05.849Z,425.0,1200.0,3.0,3.0,1.0,1.0,21.0,1.0,1.0,0,0.0,-999.0,3.7,1.0,0.0,0.0,1.0,0.0,1.0,1.0,1.0,1.0,0.0,0,2.0,0.0,1.0,2.0,0,3,4.0,0.0,1.0,3.0,0,8,7,5,3,7,2,9,10,-1.0,-1.0,-1.0,1.0,-4.0,-3.0,1.0,-3.0,-2,-2,-999,-999,-999,0,-3,-999,2,-4,-999,-999,-999,-999,-999,-5,2,-999,1,-999,3,4,3,979545,979545.0
p49,3.0,2.0,3.0,0.0,2.0,2024-12-10T14:27:06.518Z,800.0,400.0,3.0,3.0,1.0,1.0,19.0,1.0,1.0,0,70.0,1.0,3.3,0.0,1.0,0.0,1.0,0.0,1.0,1.0,1.0,1.0,0.0,0,1.0,1.0,1.0,1.0,0,3,1.0,1.0,0.0,0.0,0,8,8,5,2,6,1,11,9,-3.0,-3.0,1.0,-1.0,-2.0,-5.0,-4.0,-3.0,-3,1,-3,-3,-3,0,-4,-4,4,-5,-4,-4,-2,-5,-3,-5,4,1,4,2,4,4,4,618965,618965.0
tdq,3.0,2.0,3.0,0.0,1.0,2024-12-10T14:27:06.801Z,610.0,472.0,3.0,3.0,1.0,0.0,19.0,2.0,1.0,0,0.0,7.0,2.3,1.0,1.0,0.0,1.0,0.0,1.0,1.0,1.0,1.0,0.0,0,1.0,1.0,1.0,2.0,0,3,4.0,0.0,1.0,3.0,0,5,6,4,3,4,1,11,9,1.0,0.0,4.0,4.0,-2.0,-5.0,3.0,-5.0,2,1,4,0,-3,1,-4,4,1,-5,-5,0,1,-5,-5,-5,4,4,4,4,5,5,4,941217,941217.0
yg9,3.0,3.0,3.0,0.0,2.0,2024-12-10T14:27:07.313Z,0.0,600.0,1.0,1.0,1.0,1.0,19.0,1.0,1.0,0,88.0,2.0,3.0,0.0,0.0,0.0,1.0,0.0,1.0,0.0,1.0,1.0,0.0,0,1.0,1.0,1.0,1.0,0,6,1.0,7.0,0.0,0.0,0,7,7,7,5,7,1,10,7,-4.0,-4.0,-4.0,-5.0,-5.0,-3.0,-5.0,0.0,-3,0,-5,-5,-5,-5,-5,-4,-3,-5,-5,-5,-5,-5,0,-3,4,2,4,2,4,4,4,537264,537264.0
vcb,3.0,2.0,3.0,0.0,2.0,2024-12-10T14:27:06.938Z,650.0,1200.0,3.0,0.0,1.0,1.0,20.0,2.0,1.0,0,78.0,3.0,3.3,0.0,1.0,0.0,1.0,0.0,1.0,1.0,1.0,0.0,0.0,0,2.0,0.0,2.0,0.0,0,6,1.0,2.0,0.0,0.0,0,6,7,4,4,7,1,11,1,4.0,0.0,-2.0,0.0,4.0,-5.0,-5.0,-5.0,-5,0,1,2,3,4,1,0,-3,-5,-4,3,0,-4,-4,2,5,1,5,1,5,4,4,363482,363482.0
bxg,2.0,4.0,3.0,0.0,3.0,2024-12-10T14:27:06.028Z,570.0,1000.0,4.0,3.0,1.0,1.0,18.0,1.0,-999.0,Politik Verwaltung Management ,74.0,2.0,2.0,0.0,0.0,0.0,1.0,0.0,1.0,0.0,1.0,0.0,1.0,0,1.0,1.0,2.0,0.0,0,6,1.0,4.0,0.0,0.0,0,8,9,6,4,7,2,11,-999,-3.0,-4.0,1.0,0.0,2.0,-5.0,-5.0,-5.0,-3,-2,0,0,-3,3,-5,0,-5,-5,-5,-4,-1,-5,-5,-5,3,2,2,2,4,4,5,841623,841623.0
ech,2.0,5.0,3.0,0.0,2.0,2024-12-10T14:27:08.428Z,670.0,1500.0,3.0,3.0,1.0,1.0,19.0,2.0,1.0,0,78.0,2.0,4.0,1.0,0.0,0.0,1.0,1.0,1.0,1.0,1.0,0.0,0.0,0,1.0,1.0,1.0,2.0,0,8,1.0,2.0,0.0,0.0,0,8,9,6,3,9,1,11,10,5.0,4.0,2.0,-3.0,3.0,-5.0,-5.0,-5.0,-3,2,-2,1,4,-1,-5,3,-5,-5,-5,3,-3,-5,-5,-5,5,3,3,4,5,4,4,260268,260268.0
3md,3.0,1.0,2.0,0.0,1.0,2024-12-10T14:27:09.271Z,340.0,420.0,3.0,1.0,1.0,1.0,19.0,1.0,1.0,0,73.0,2.0,3.0,0.0,0.0,0.0,1.0,0.0,1.0,1.0,1.0,1.0,0.0,0,1.0,1.0,2.0,0.0,0,3,1.0,1.0,0.0,0.0,0,7,8,4,3,7,1,11,8,-3.0,-4.0,4.0,4.0,-4.0,-5.0,2.0,-5.0,2,4,2,-4,-5,3,-5,4,3,-5,-5,-3,4,-5,-5,-4,5,4,5,4,5,4,4,178137,178137.0
bgq,3.0,2.0,3.0,0.0,1.0,2024-12-10T14:27:08.676Z,200.0,550.0,3.0,1.0,1.0,1.0,18.0,2.0,1.0,0,58.0,2.0,2.7,0.0,1.0,1.0,1.0,1.0,1.0,1.0,1.0,0.0,1.0,0,1.0,1.0,1.0,2.0,0,6,1.0,1.0,0.0,0.0,0,7,7,5,3,1,1,11,-999,1.0,0.0,3.0,-3.0,-4.0,-5.0,-5.0,-4.0,1,-4,0,-2,-4,-1,-4,1,-5,-5,-999,0,-2,-999,-4,-5,4,2,4,1,5,4,4,747633,747633.0
asv,2.0,5.0,3.0,0.0,2.0,2024-12-10T14:27:08.965Z,378.0,500.0,4.0,4.0,1.0,1.0,21.0,1.0,1.0,0,72.0,7.0,2.3,0.0,0.0,0.0,1.0,0.0,1.0,1.0,1.0,1.0,0.0,0,1.0,1.0,1.0,2.0,0,2,1.0,5.0,0.0,0.0,0,8,9,6,3,10,4,11,6,-4.0,-4.0,2.0,3.0,-3.0,-5.0,4.0,0.0,0,4,2,-4,-5,0,-5,2,4,-5,-2,-4,3,-5,1,-3,4,2,3,2,4,4,4,384907,384907.0
hry,2.0,4.0,3.0,0.0,3.0,2024-12-10T14:27:12.809Z,0.0,850.0,3.0,3.0,1.0,0.0,18.0,1.0,1.0,0,71.0,2.0,3.3,0.0,0.0,0.0,1.0,0.0,1.0,1.0,1.0,1.0,0.0,0,1.0,2.0,1.0,1.0,0,5,1.0,3.0,0.0,0.0,0,7,8,5,4,7,2,10,9,-1.0,-3.0,2.0,3.0,1.0,-5.0,-4.0,-5.0,-1,4,1,1,-3,-3,-5,3,0,-5,-5,-4,-1,-4,-3,-999,4,2,5,4,5,5,5,276323,276323.0
sva,2.0,4.0,3.0,0.0,2.0,2024-12-10T14:27:12.357Z,325.0,0.0,1.0,3.0,1.0,1.0,20.0,2.0,1.0,0,21.0,4.0,3.3,0.0,0.0,0.0,0.0,1.0,1.0,0.0,1.0,0.0,1.0,Reddit,1.0,1.0,1.0,2.0,0,3,1.0,1.0,0.0,0.0,0,10,10,4,3,9,2,-999,1,-4.0,-5.0,4.0,3.0,-5.0,-5.0,3.0,-5.0,-2,-3,2,-5,-5,4,-5,2,-3,-5,-5,-5,-4,-5,-5,-5,5,4,5,2,4,4,3,102189,102189.0
xyb,3.0,1.0,5.0,1.0,1.0,2024-12-10T14:27:43.233Z,320.0,900.0,4.0,4.0,1.0,1.0,22.0,1.0,1.0,0,0.0,1.0,3.7,0.0,0.0,0.0,1.0,0.0,1.0,0.0,0.0,0.0,0.0,0,1.0,1.0,1.0,2.0,0,3,4.0,0.0,1.0,3.0,0,7,7,5,3,7,2,11,-999,-2.0,-2.0,-2.0,0.0,-5.0,-5.0,0.0,-999.0,-2,-3,-999,-999,-999,0,-5,-999,3,-5,-999,-999,-999,-999,-999,-5,2,-999,2,2,2,2,3,315744,315744.0
ytr,2.0,5.0,3.0,1.0,3.0,2024-12-10T14:27:13.706Z,350.0,1500.0,4.0,2.0,1.0,0.0,19.0,2.0,1.0,0,75.0,1.0,-999.0,0.0,0.0,0.0,1.0,0.0,1.0,1.0,1.0,0.0,0.0,0,1.0,1.0,1.0,2.0,0,8,1.0,6.0,0.0,0.0,0,6,7,2,3,6,-999,9,7,-2.0,-1.0,-5.0,-3.0,2.0,3.0,-5.0,-1.0,-5,-4,-5,-2,-1,0,2,-5,-5,0,-1,-4,-5,3,-3,3,4,2,4,1,4,3,4,177348,177348.0
3eh,3.0,2.0,3.0,0.0,2.0,2024-12-10T14:27:13.784Z,402.0,600.0,2.0,3.0,1.0,1.0,20.0,2.0,1.0,0,79.0,5.0,2.3,0.0,1.0,0.0,1.0,0.0,1.0,1.0,1.0,0.0,0.0,BeReal,1.0,1.0,2.0,0.0,0,4,1.0,3.0,0.0,0.0,0,8,9,5,3,7,1,-999,8,-3.0,-4.0,1.0,4.0,-3.0,-5.0,-4.0,-3.0,-1,-1,1,-3,-3,0,-3,3,-2,-5,-5,-2,2,-5,-3,-3,4,4,4,3,4,4,4,558861,558861.0
k9w,3.0,2.0,3.0,0.0,2.0,2024-12-10T14:27:14.872Z,520.0,500.0,4.0,3.0,1.0,1.0,20.0,2.0,1.0,0,76.0,1.0,2.7,0.0,1.0,0.0,1.0,0.0,1.0,1.0,1.0,0.0,0.0,0,1.0,1.0,1.0,2.0,0,5,1.0,3.0,0.0,0.0,0,8,9,7,6,6,2,-999,3,0.0,-1.0,4.0,5.0,-4.0,-5.0,-5.0,-5.0,1,2,2,-3,-4,0,-5,4,3,-5,-5,-3,0,-5,-5,-1,4,4,4,2,5,5,5,494765,494765.0
t94,3.0,2.0,3.0,0.0,2.0,2024-12-10T14:27:16.063Z,450.0,1500.0,3.0,1.0,1.0,1.0,21.0,1.0,4.0,0,89.0,2.0,2.7,0.0,0.0,0.0,1.0,0.0,1.0,1.0,1.0,1.0,0.0,0,1.0,1.0,1.0,2.0,0,4,1.0,3.0,0.0,0.0,0,8,8,5,4,8,1,-999,2,0.0,0.0,2.0,3.0,-3.0,-5.0,-4.0,-4.0,2,3,3,-5,-5,0,-5,3,5,-5,-5,0,1,-5,-5,-5,4,2,5,1,5,5,5,519347,519347.0
9fs,3.0,2.0,3.0,0.0,1.0,2024-12-10T14:27:16.449Z,0.0,350.0,1.0,3.0,0.0,0.0,21.0,2.0,1.0,0,78.0,4.0,3.0,0.0,0.0,0.0,1.0,0.0,1.0,1.0,1.0,1.0,0.0,0,1.0,1.0,1.0,2.0,0,4,1.0,3.0,0.0,0.0,0,9,10,6,5,9,3,-999,10,-3.0,-4.0,0.0,2.0,-3.0,-5.0,0.0,-5.0,-1,0,2,-1,-3,-1,-4,4,0,-5,-5,-4,-2,-5,-3,-3,5,3,5,4,5,4,4,183109,183109.0
ktb,3.0,1.0,3.0,1.0,1.0,2024-12-10T14:27:19.799Z,425.0,150.0,-999.0,1.0,-999.0,1.0,19.0,1.0,1.0,0,0.0,8.0,2.7,1.0,0.0,0.0,1.0,0.0,1.0,0.0,1.0,1.0,0.0,0,2.0,0.0,1.0,0.0,0,4,4.0,0.0,1.0,3.0,0,7,7,4,5,7,3,10,2,-999.0,-999.0,-999.0,-999.0,-999.0,-999.0,-999.0,-999.0,-1,1,-999,-999,-999,-1,-3,-999,-1,-3,-999,-999,-999,-999,-999,-2,2,-999,3,-999,4,5,4,931332,931332.0
bga,3.0,2.0,3.0,0.0,2.0,2024-12-10T14:27:17.261Z,367.0,750.0,3.0,3.0,1.0,1.0,19.0,2.0,1.0,0,73.0,5.0,2.3,0.0,0.0,0.0,1.0,0.0,1.0,0.0,1.0,0.0,0.0,0,1.0,2.0,1.0,2.0,0,4,1.0,3.0,0.0,0.0,0,8,9,5,4,8,2,11,9,-1.0,-2.0,2.0,4.0,-3.0,-5.0,-2.0,-4.0,0,1,3,-4,-3,3,-5,5,1,-5,-5,-3,4,-5,-5,-5,4,4,5,4,4,4,4,851448,851448.0
mcb,3.0,2.0,3.0,0.0,2.0,2024-12-10T14:27:17.458Z,600.0,600.0,3.0,3.0,1.0,1.0,21.0,2.0,1.0,0,64.0,4.0,2.3,0.0,0.0,1.0,1.0,0.0,1.0,0.0,1.0,1.0,0.0,0,1.0,1.0,2.0,0.0,0,7,1.0,4.0,0.0,0.0,0,7,8,5,4,6,1,10,1,1.0,1.0,-3.0,-3.0,2.0,-5.0,-5.0,-5.0,-3,0,-1,3,0,0,0,-2,-4,-5,-5,-3,0,-5,-5,-1,4,2,5,2,4,4,4,104864,104864.0
ffe,3.0,1.0,3.0,0.0,1.0,2024-12-10T14:27:18.392Z,342.0,800.0,1.0,1.0,1.0,1.0,21.0,1.0,1.0,0,27.0,2.0,3.3,0.0,0.0,0.0,1.0,0.0,1.0,1.0,1.0,0.0,0.0,0,1.0,1.0,1.0,2.0,0,3,1.0,1.0,0.0,0.0,0,9,9,4,3,9,1,11,11,-5.0,-5.0,3.0,2.0,-4.0,-5.0,2.0,-5.0,2,2,-3,-4,-4,1,-5,3,3,-5,-5,-5,2,-5,-5,-5,5,2,5,2,5,4,5,343727,343727.0
kwc,2.0,5.0,3.0,0.0,2.0,2024-12-10T14:27:18.452Z,490.0,750.0,3.0,3.0,1.0,1.0,18.0,1.0,1.0,0,88.0,7.0,-999.0,0.0,0.0,0.0,1.0,0.0,1.0,1.0,1.0,1.0,0.0,0,2.0,1.0,1.0,1.0,0,3,1.0,5.0,0.0,0.0,0,9,10,5,4,8,2,11,10,-5.0,-5.0,3.0,3.0,-4.0,-5.0,4.0,-5.0,0,3,0,-4,-5,0,-5,2,4,-5,-5,-5,-1,-5,-4,-5,4,2,4,2,4,4,4,351515,351515.0
kru,3.0,2.0,3.0,0.0,2.0,2024-12-10T14:27:18.920Z,0.0,300.0,1.0,0.0,1.0,1.0,22.0,1.0,1.0,0,88.0,6.0,4.0,0.0,0.0,0.0,1.0,0.0,0.0,1.0,1.0,1.0,0.0,0,2.0,0.0,2.0,0.0,0,3,1.0,5.0,0.0,0.0,0,9,9,6,4,5,2,-999,10,-3.0,-3.0,0.0,2.0,0.0,-5.0,3.0,-5.0,0,5,1,-2,-5,0,-5,0,-1,-5,-5,-2,2,-5,-3,-4,4,2,4,2,4,4,4,503022,503022.0
mbf,3.0,2.0,3.0,0.0,1.0,2024-12-10T14:27:18.884Z,500.0,1400.0,3.0,3.0,1.0,1.0,21.0,2.0,2.0,0,78.0,4.0,1.3,0.0,0.0,0.0,1.0,0.0,1.0,1.0,1.0,0.0,0.0,0,1.0,2.0,1.0,2.0,0,5,1.0,3.0,0.0,0.0,0,7,8,4,4,7,2,11,-999,-2.0,-2.0,-3.0,2.0,3.0,-5.0,-2.0,-5.0,-2,-1,2,0,-2,3,-4,4,-2,-5,-5,-1,-1,-4,-3,-3,5,3,5,4,4,5,5,879127,879127.0
gb4,2.0,5.0,3.0,1.0,2.0,2024-12-10T14:27:19.930Z,300.0,500.0,1.0,2.0,1.0,1.0,20.0,1.0,1.0,0,78.0,8.0,2.7,0.0,1.0,1.0,1.0,0.0,1.0,1.0,1.0,1.0,0.0,0,1.0,1.0,1.0,1.0,0,2,4.0,0.0,1.0,5.0,0,10,11,6,5,9,2,11,6,-5.0,-5.0,1.0,1.0,-4.0,-5.0,3.0,-2.0,-2,1,0,-5,-5,0,-5,1,2,-5,-5,-4,1,-5,-2,-5,4,2,4,2,4,3,4,716295,716295.0
yuc,3.0,2.0,3.0,0.0,1.0,2024-12-10T14:27:21.391Z,550.0,300.0,4.0,3.0,1.0,1.0,19.0,1.0,4.0,0,88.0,2.0,2.7,0.0,0.0,0.0,1.0,0.0,1.0,1.0,1.0,1.0,0.0,BeReal,1.0,1.0,1.0,2.0,0,3,1.0,8.0,0.0,0.0,0,9,-999,5,4,7,1,11,-999,-2.0,-2.0,1.0,3.0,-999.0,-5.0,3.0,-3.0,2,3,2,-1,-3,0,-5,4,-999,-5,-5,0,1,-3,1,-999,4,4,3,3,3,3,3,499496,499496.0
49w,3.0,2.0,3.0,0.0,2.0,2024-12-10T14:27:21.672Z,440.0,1000.0,3.0,3.0,1.0,1.0,19.0,1.0,1.0,0,88.0,4.0,-999.0,0.0,1.0,0.0,1.0,0.0,1.0,1.0,1.0,0.0,0.0,0,1.0,1.0,1.0,2.0,0,3,1.0,3.0,0.0,0.0,0,8,9,5,3,6,1,-999,11,-2.0,-3.0,1.0,4.0,2.0,-5.0,4.0,-5.0,2,4,-4,-5,-5,0,-5,3,4,-5,-5,-5,4,-5,-5,0,4,4,-999,2,5,5,5,686345,686345.0
yfg,3.0,2.0,3.0,0.0,2.0,2024-12-10T14:27:21.705Z,375.0,500.0,2.0,1.0,1.0,1.0,21.0,1.0,1.0,0,75.0,7.0,2.0,0.0,0.0,0.0,1.0,0.0,1.0,1.0,1.0,1.0,0.0,0,1.0,1.0,1.0,2.0,0,4,1.0,1.0,0.0,0.0,0,8,8,4,2,5,1,11,3,0.0,0.0,2.0,2.0,0.0,-5.0,-5.0,-2.0,3,4,-2,2,-5,-2,-5,0,-2,-5,-3,1,2,-2,-1,-1,5,2,5,2,5,5,5,287064,287064.0
tcc,3.0,2.0,3.0,0.0,2.0,2024-12-10T14:27:21.776Z,370.0,750.0,3.0,3.0,1.0,1.0,19.0,2.0,1.0,0,70.0,4.0,3.3,0.0,0.0,0.0,0.0,0.0,1.0,0.0,1.0,0.0,0.0,0,1.0,1.0,1.0,1.0,0,3,1.0,1.0,0.0,0.0,0,8,9,4,3,9,2,10,-999,-2.0,-3.0,3.0,2.0,-3.0,-5.0,2.0,-1.0,2,2,4,-4,-3,3,-5,2,-1,-5,-5,-3,2,-5,-1,-3,4,4,4,4,5,4,3,461720,461720.0
wen,3.0,2.0,3.0,0.0,1.0,2024-12-10T14:27:22.539Z,0.0,400.0,3.0,4.0,1.0,1.0,25.0,2.0,1.0,0,0.0,6.0,1.7,0.0,0.0,0.0,1.0,0.0,1.0,0.0,1.0,0.0,0.0,0,2.0,0.0,1.0,2.0,0,8,4.0,0.0,1.0,4.0,0,7,7,2,3,8,1,11,2,1.0,1.0,0.0,0.0,2.0,-4.0,-2.0,-2.0,-2,-2,-999,1,1,1,-2,1,-2,-5,0,0,0,-5,-1,-5,4,3,4,2,4,4,4,737034,737034.0
vgg,3.0,2.0,3.0,0.0,2.0,2024-12-10T14:27:22.710Z,280.0,700.0,2.0,3.0,1.0,1.0,19.0,1.0,4.0,0,70.0,2.0,2.7,0.0,0.0,0.0,1.0,0.0,1.0,1.0,1.0,0.0,0.0,0,1.0,2.0,1.0,1.0,0,3,1.0,3.0,0.0,0.0,0,7,8,5,4,7,2,11,11,-2.0,-3.0,3.0,3.0,0.0,-5.0,0.0,-5.0,1,4,4,-1,-3,2,-5,4,2,-5,-5,-3,2,-5,-5,-5,4,3,4,3,5,4,4,405966,405966.0
vtt,3.0,1.0,3.0,1.0,1.0,2024-12-10T13:27:25.561Z,450.0,300.0,3.0,3.0,1.0,1.0,20.0,1.0,1.0,0,0.0,8.0,1.7,1.0,0.0,0.0,1.0,0.0,1.0,0.0,1.0,1.0,0.0,0,2.0,0.0,1.0,1.0,0,5,4.0,0.0,1.0,1.0,0,7,8,4,4,7,2,10,-999,-2.0,-2.0,4.0,3.0,4.0,-4.0,-3.0,-3.0,2,3,-999,-999,-999,-999,-1,-999,3,-4,-999,-999,-999,-999,-999,-3,3,4,5,-999,5,5,4,303234,303234.0
mwh,2.0,5.0,3.0,0.0,2.0,2024-12-10T14:27:23.549Z,570.0,520.0,2.0,1.0,1.0,1.0,21.0,1.0,1.0,0,88.0,7.0,2.0,0.0,0.0,0.0,1.0,0.0,1.0,1.0,1.0,1.0,0.0,0,1.0,1.0,1.0,1.0,0,2,1.0,5.0,0.0,0.0,0,8,9,6,5,7,2,11,5,-4.0,-4.0,1.0,2.0,-3.0,-5.0,4.0,-4.0,2,2,-1,-3,-4,0,-5,4,2,-5,-5,-4,2,-5,-4,-5,4,3,5,2,5,5,5,919752,919752.0
buv,2.0,4.0,3.0,0.0,2.0,2024-12-10T14:27:27.676Z,425.0,1000.0,3.0,1.0,1.0,-999.0,19.0,2.0,1.0,0,91.0,7.0,3.0,0.0,0.0,0.0,1.0,1.0,1.0,0.0,1.0,1.0,1.0,0,1.0,1.0,1.0,2.0,0,3,1.0,1.0,0.0,0.0,0,8,8,3,4,8,2,11,9,-4.0,-4.0,4.0,4.0,-3.0,-5.0,4.0,-5.0,1,2,2,-4,-4,3,-5,1,4,-5,-5,-4,3,-999,-4,-5,4,2,4,2,4,4,4,368747,368747.0
bey,2.0,5.0,3.0,0.0,3.0,2024-12-10T14:27:24.045Z,510.0,300.0,4.0,4.0,1.0,1.0,22.0,2.0,4.0,0,79.0,7.0,2.7,0.0,0.0,0.0,1.0,0.0,1.0,0.0,1.0,0.0,0.0,0,1.0,1.0,1.0,1.0,0,3,1.0,3.0,0.0,0.0,0,8,9,4,3,6,1,11,8,-4.0,-5.0,2.0,5.0,-5.0,-5.0,3.0,-5.0,-1,5,4,-5,-4,1,-5,5,2,-5,-5,-5,3,-5,-4,-5,4,4,4,4,4,3,4,501549,501549.0
gye,3.0,1.0,5.0,0.0,1.0,2024-12-10T14:27:25.340Z,750.0,0.0,3.0,3.0,1.0,1.0,18.0,2.0,1.0,0,71.0,2.0,3.0,0.0,0.0,0.0,1.0,0.0,1.0,1.0,1.0,0.0,0.0,0,2.0,0.0,2.0,0.0,0,5,1.0,3.0,0.0,0.0,0,7,8,3,4,7,1,11,11,-4.0,-5.0,-2.0,-1.0,-5.0,-5.0,-5.0,-5.0,-5,-4,5,-5,-5,2,-5,0,-4,-5,-5,-5,-3,-5,-5,-5,4,2,4,2,5,5,5,591914,591914.0
3x9,3.0,1.0,2.0,0.0,1.0,2024-12-10T14:27:24.339Z,329.0,900.0,3.0,1.0,1.0,0.0,23.0,1.0,1.0,0,70.0,8.0,3.7,0.0,0.0,0.0,1.0,0.0,1.0,0.0,1.0,0.0,0.0,0,1.0,1.0,1.0,1.0,0,3,1.0,8.0,0.0,0.0,0,9,10,7,5,9,4,11,-999,-4.0,-4.0,-1.0,1.0,-5.0,-5.0,2.0,-999.0,1,-1,0,-4,-4,0,-5,2,4,-5,-5,-4,2,-5,-2,-5,3,3,4,4,4,4,3,641116,641116.0
qxn,3.0,1.0,3.0,0.0,1.0,2024-12-10T14:27:12.678Z,600.0,250.0,1.0,1.0,1.0,1.0,21.0,2.0,1.0,0,89.0,5.0,3.0,0.0,0.0,1.0,1.0,0.0,1.0,1.0,1.0,1.0,1.0,0,2.0,0.0,2.0,0.0,0,8,2.0,0.0,0.0,0.0,0,7,8,5,2,9,1,11,3,1.0,2.0,1.0,-4.0,0.0,-4.0,-5.0,-2.0,-1,-5,0,1,-5,-5,-1,1,-3,-2,-5,3,-5,-5,-3,-5,4,1,2,2,5,4,4,404341,404341.0
fep,3.0,2.0,3.0,0.0,2.0,2024-12-10T14:27:25.536Z,440.0,200.0,1.0,2.0,1.0,1.0,19.0,1.0,1.0,0,76.0,5.0,2.0,0.0,0.0,0.0,1.0,0.0,1.0,1.0,1.0,0.0,0.0,0,1.0,1.0,1.0,2.0,0,4,1.0,1.0,0.0,0.0,0,7,8,6,5,8,1,11,3,-3.0,-5.0,2.0,2.0,-1.0,-5.0,-5.0,-5.0,-2,4,-3,-3,-5,-2,-5,2,1,-5,-5,-5,4,-5,-5,-5,5,2,4,4,5,5,5,522746,522746.0
4yf,2.0,4.0,3.0,0.0,3.0,2024-12-10T14:27:26.919Z,408.0,100.0,3.0,2.0,1.0,1.0,22.0,2.0,4.0,0,72.0,7.0,3.7,0.0,0.0,0.0,1.0,0.0,1.0,1.0,1.0,0.0,0.0,0,1.0,1.0,1.0,1.0,0,4,1.0,3.0,0.0,0.0,0,6,8,3,4,4,2,11,7,-2.0,-3.0,1.0,4.0,2.0,-5.0,3.0,-2.0,0,2,4,1,-3,0,-5,-3,4,-5,-5,0,1,-5,2,-999,3,2,3,2,5,5,5,801128,801128.0
np4,3.0,2.0,3.0,0.0,2.0,2024-12-10T14:27:25.722Z,425.0,0.0,1.0,1.0,1.0,1.0,23.0,1.0,-999.0,"Politik, Verwaltung und Management",72.0,7.0,2.3,0.0,1.0,0.0,1.0,0.0,1.0,1.0,1.0,0.0,0.0,0,2.0,0.0,2.0,0.0,0,5,1.0,1.0,0.0,0.0,0,8,9,6,4,8,2,-999,5,2.0,1.0,4.0,4.0,2.0,-5.0,3.0,3.0,2,-2,0,0,-5,-2,-4,2,-999,-1,-5,-1,-2,-5,0,-5,5,3,5,4,5,5,5,590904,590904.0
qew,3.0,2.0,3.0,0.0,1.0,2024-12-10T14:27:25.962Z,0.0,200.0,3.0,3.0,0.0,1.0,19.0,2.0,1.0,0,78.0,6.0,-999.0,0.0,0.0,0.0,1.0,0.0,0.0,1.0,1.0,1.0,0.0,0,1.0,1.0,1.0,2.0,0,1,1.0,5.0,0.0,0.0,0,9,10,6,5,8,2,11,10,-4.0,-4.0,1.0,2.0,-4.0,-5.0,5.0,-4.0,-1,1,1,-4,-4,0,-5,1,4,-5,-5,-4,2,-5,-4,-5,4,3,5,4,4,4,4,126501,126501.0
ent,3.0,1.0,5.0,0.0,1.0,2024-12-10T14:27:19.490Z,370.0,650.0,1.0,1.0,1.0,1.0,20.0,1.0,1.0,0,71.0,5.0,2.7,0.0,0.0,0.0,1.0,0.0,0.0,0.0,1.0,0.0,0.0,0,1.0,1.0,1.0,1.0,0,2,1.0,5.0,0.0,0.0,0,7,8,3,4,8,1,11,10,-3.0,-4.0,2.0,3.0,-3.0,-5.0,5.0,-5.0,2,2,3,-4,-5,2,-5,4,3,-5,-5,-4,4,-5,-5,-5,5,3,5,4,4,5,4,636602,636602.0
cfw,3.0,2.0,3.0,0.0,2.0,2024-12-10T14:27:26.912Z,0.0,600.0,4.0,4.0,1.0,0.0,18.0,2.0,1.0,0,78.0,4.0,1.0,1.0,1.0,0.0,1.0,0.0,1.0,1.0,1.0,1.0,0.0,0,2.0,0.0,1.0,2.0,0,7,1.0,4.0,0.0,0.0,0,7,8,4,3,6,2,10,-999,3.0,2.0,-3.0,-4.0,5.0,1.0,-4.0,-4.0,-3,4,0,5,-1,4,-4,-3,-4,-5,-4,1,1,1,-2,0,5,4,5,4,5,4,4,631576,631576.0
rf4,2.0,4.0,3.0,0.0,3.0,2024-12-10T14:27:28.665Z,0.0,1000.0,1.0,3.0,-999.0,-999.0,27.0,2.0,2.0,0,78.0,6.0,-999.0,0.0,0.0,0.0,0.0,1.0,1.0,0.0,1.0,0.0,1.0,0,1.0,1.0,2.0,0.0,0,0,2.0,0.0,0.0,0.0,0,8,8,5,4,8,3,9,4,-2.0,-2.0,0.0,-1.0,-3.0,-3.0,2.0,0.0,-2,-2,-2,-3,-2,1,-4,0,2,-4,-4,-3,-2,-3,-2,-5,4,2,4,2,4,3,4,320890,320890.0
hch,3.0,2.0,3.0,0.0,2.0,2024-12-10T14:27:28.318Z,0.0,500.0,2.0,2.0,1.0,1.0,21.0,1.0,-999.0,"Politik, Verwaltung, Management",88.0,6.0,1.7,0.0,0.0,0.0,0.0,0.0,0.0,0.0,1.0,0.0,1.0,0,2.0,0.0,2.0,0.0,0,3,1.0,5.0,0.0,0.0,0,6,5,6,8,5,2,-999,11,1.0,0.0,1.0,-2.0,0.0,-5.0,2.0,-4.0,4,3,-999,3,-999,-2,-3,0,-2,-2,-999,-999,-1,-999,-3,0,4,3,2,3,5,5,5,829872,829872.0
mry,3.0,2.0,3.0,0.0,2.0,2024-12-10T14:27:28.450Z,425.0,300.0,1.0,1.0,1.0,1.0,20.0,2.0,4.0,0,77.0,1.0,3.0,0.0,1.0,0.0,1.0,0.0,1.0,1.0,1.0,0.0,0.0,0,2.0,0.0,1.0,1.0,0,6,1.0,2.0,0.0,0.0,0,8,8,7,6,7,2,-999,1,0.0,0.0,1.0,-1.0,0.0,-5.0,-3.0,-3.0,1,2,2,0,-999,0,-4,2,-1,-5,-5,0,1,-5,-3,-999,4,4,2,3,4,4,4,399473,399473.0
dss,3.0,2.0,3.0,0.0,2.0,2024-12-10T14:27:28.474Z,680.0,520.0,2.0,1.0,1.0,1.0,20.0,1.0,1.0,0,78.0,7.0,2.3,1.0,0.0,1.0,1.0,0.0,1.0,1.0,1.0,1.0,0.0,0,2.0,0.0,1.0,2.0,0,6,4.0,0.0,1.0,2.0,0,5,4,5,1,5,1,11,-999,0.0,0.0,0.0,0.0,0.0,-3.0,0.0,-999.0,0,0,0,0,0,0,-2,0,-2,-2,0,0,0,0,0,0,3,4,4,4,5,4,4,340101,340101.0
nut,2.0,4.0,3.0,0.0,2.0,2024-12-10T14:27:29.043Z,425.0,1000.0,3.0,3.0,1.0,1.0,19.0,1.0,1.0,0,45.0,3.0,2.0,0.0,0.0,0.0,1.0,0.0,0.0,0.0,1.0,0.0,0.0,0,1.0,1.0,1.0,2.0,0,5,1.0,4.0,0.0,0.0,0,8,9,6,2,7,1,11,3,-4.0,-4.0,3.0,1.0,4.0,-5.0,-5.0,-5.0,-2,4,-2,3,-4,2,-5,2,-3,-5,-5,-4,1,-5,-5,-3,4,4,4,4,4,4,4,994746,994746.0
fv4,3.0,2.0,3.0,0.0,2.0,2024-12-10T14:27:28.737Z,325.0,650.0,4.0,4.0,1.0,1.0,19.0,1.0,1.0,0,71.0,7.0,2.3,0.0,0.0,0.0,1.0,0.0,1.0,1.0,1.0,0.0,0.0,0,1.0,1.0,1.0,2.0,0,3,1.0,3.0,0.0,0.0,0,8,9,6,4,7,2,11,10,-3.0,-4.0,0.0,2.0,-1.0,-5.0,3.0,-5.0,-1,4,-1,-2,-5,2,-5,3,4,-5,-5,-5,4,-5,-5,-5,4,2,5,3,5,4,4,896667,896667.0
9xy,3.0,1.0,2.0,0.0,1.0,2024-12-10T14:27:33.252Z,340.0,590.0,3.0,3.0,1.0,1.0,19.0,2.0,1.0,0,76.0,5.0,2.3,0.0,1.0,0.0,0.0,0.0,1.0,0.0,1.0,0.0,0.0,0,1.0,1.0,1.0,2.0,0,4,1.0,1.0,0.0,0.0,0,8,8,4,4,8,2,11,3,-3.0,-4.0,4.0,3.0,-5.0,-5.0,2.0,-5.0,0,0,1,-5,-4,1,-5,3,-3,-5,-5,-4,3,-5,-4,-5,5,3,5,3,4,4,4,139685,139685.0
rht,3.0,2.0,3.0,0.0,2.0,2024-12-10T14:27:35.167Z,425.0,850.0,-999.0,3.0,1.0,1.0,20.0,1.0,1.0,0,67.0,7.0,-999.0,0.0,0.0,1.0,1.0,0.0,1.0,1.0,1.0,0.0,0.0,0,1.0,1.0,1.0,1.0,0,4,1.0,3.0,0.0,0.0,0,9,10,5,5,7,2,-999,-999,-3.0,-4.0,2.0,5.0,2.0,-5.0,-2.0,-5.0,-3,4,1,-3,-5,5,-5,5,0,-5,-5,-2,-999,-5,-5,-3,5,4,4,4,4,4,4,194911,194911.0
mdx,3.0,2.0,3.0,0.0,2.0,2024-12-10T14:27:35.637Z,0.0,700.0,1.0,2.0,1.0,1.0,19.0,2.0,1.0,0,78.0,1.0,3.3,0.0,1.0,0.0,1.0,0.0,1.0,1.0,1.0,1.0,1.0,0,1.0,1.0,1.0,1.0,0,4,1.0,5.0,0.0,0.0,0,8,9,6,6,7,1,10,9,-5.0,-5.0,-1.0,-4.0,1.0,-4.0,4.0,-1.0,-1,0,1,-1,-5,0,0,0,0,-4,-3,-2,-4,-3,-2,-3,4,1,5,2,4,4,4,815289,815289.0
9ra,3.0,2.0,3.0,0.0,2.0,2024-12-10T14:27:35.946Z,350.0,1470.0,3.0,2.0,1.0,1.0,21.0,1.0,1.0,0,78.0,7.0,2.7,0.0,0.0,1.0,1.0,0.0,1.0,1.0,1.0,1.0,0.0,0,1.0,1.0,1.0,2.0,0,2,1.0,5.0,0.0,0.0,0,8,8,7,5,6,2,-999,7,1.0,1.0,1.0,3.0,3.0,-5.0,4.0,2.0,0,3,-1,-2,-3,-2,-4,0,4,-5,-5,-2,0,-5,2,-5,3,1,3,-999,5,4,4,523850,523850.0
ywc,3.0,3.0,3.0,0.0,2.0,2024-12-10T14:27:37.874Z,580.0,1000.0,2.0,2.0,1.0,1.0,19.0,1.0,1.0,0,66.0,2.0,2.3,0.0,0.0,0.0,1.0,0.0,1.0,0.0,1.0,0.0,0.0,0,2.0,0.0,1.0,2.0,0,5,1.0,3.0,0.0,0.0,0,8,9,4,3,8,2,11,7,-1.0,-2.0,2.0,4.0,-4.0,-5.0,-1.0,-4.0,2,1,2,-4,-4,1,-5,3,2,-5,-5,-4,3,-5,-4,-5,4,4,4,4,5,5,5,504700,504700.0
e3v,2.0,5.0,3.0,0.0,2.0,2024-12-10T14:27:36.084Z,402.0,800.0,4.0,4.0,1.0,1.0,20.0,2.0,1.0,0,73.0,7.0,1.7,0.0,0.0,0.0,1.0,0.0,1.0,1.0,1.0,0.0,0.0,Reddit,1.0,2.0,1.0,2.0,0,5,1.0,3.0,0.0,0.0,0,8,9,4,5,7,1,11,5,-2.0,-3.0,2.0,3.0,-2.0,-5.0,-4.0,-5.0,-2,2,3,-2,-4,4,-5,2,2,-5,-5,-2,1,-5,-5,-3,4,3,5,3,4,4,4,225168,225168.0
hqf,2.0,5.0,3.0,0.0,2.0,2024-12-10T14:27:36.211Z,410.0,950.0,0.0,0.0,-999.0,0.0,24.0,1.0,1.0,0,78.0,7.0,3.0,1.0,0.0,0.0,1.0,0.0,1.0,1.0,1.0,0.0,0.0,0,1.0,1.0,1.0,2.0,0,5,2.0,0.0,0.0,0.0,0,4,4,4,4,4,4,4,4,-3.0,-3.0,-2.0,2.0,3.0,-2.0,2.0,0.0,0,0,-999,1,-999,-999,1,-999,0,-1,-999,1,0,-4,0,-999,3,3,3,3,3,3,3,461484,461484.0
bpy,3.0,1.0,4.0,0.0,1.0,2024-12-10T14:27:38.018Z,320.0,1414.0,4.0,3.0,1.0,1.0,19.0,-999.0,1.0,0,76.0,4.0,2.3,0.0,0.0,0.0,0.0,0.0,1.0,0.0,1.0,0.0,0.0,Reddit,2.0,0.0,1.0,2.0,0,4,1.0,3.0,0.0,0.0,0,7,8,5,4,6,3,10,8,1.0,-1.0,2.0,4.0,-1.0,-5.0,0.0,-5.0,0,3,0,-2,-3,4,-5,3,-1,-5,-5,-2,2,-5,-5,-1,4,4,5,4,5,4,3,628241,628241.0
3hc,3.0,2.0,3.0,0.0,1.0,2024-12-10T14:27:38.923Z,380.0,500.0,3.0,3.0,1.0,1.0,24.0,1.0,1.0,0,47.0,5.0,2.7,0.0,0.0,0.0,1.0,0.0,1.0,0.0,1.0,0.0,0.0,0,1.0,2.0,1.0,1.0,0,6,1.0,3.0,0.0,0.0,0,8,9,5,6,7,2,11,4,-1.0,-3.0,0.0,3.0,-2.0,-5.0,0.0,-4.0,1,2,0,-2,-3,1,-4,5,1,-5,-4,-3,4,-4,-3,-3,4,4,4,4,4,4,4,250039,250039.0
cpk,3.0,2.0,3.0,0.0,2.0,2024-12-10T14:27:38.725Z,500.0,800.0,3.0,4.0,1.0,1.0,20.0,2.0,1.0,0,72.0,2.0,2.3,0.0,1.0,0.0,1.0,0.0,1.0,1.0,1.0,0.0,0.0,0,1.0,2.0,1.0,2.0,0,6,1.0,2.0,0.0,0.0,0,6,7,5,5,7,2,11,-999,1.0,-1.0,1.0,0.0,-2.0,-5.0,-4.0,-5.0,1,3,3,-3,0,4,-4,3,-1,-5,-5,-3,2,-5,-5,-5,4,3,3,4,4,4,4,248846,248846.0
pgx,3.0,2.0,3.0,0.0,2.0,2024-12-10T14:27:38.767Z,0.0,300.0,3.0,2.0,1.0,1.0,20.0,1.0,1.0,0,78.0,5.0,2.0,0.0,0.0,0.0,1.0,0.0,1.0,1.0,1.0,0.0,0.0,0,1.0,1.0,1.0,2.0,0,4,1.0,3.0,0.0,0.0,0,8,8,4,4,7,1,-999,1,0.0,0.0,5.0,5.0,-3.0,-5.0,3.0,-5.0,4,3,0,-4,0,4,-5,0,4,-5,-5,0,4,-5,-3,-5,4,3,3,3,4,4,4,845564,845564.0
h9k,2.0,5.0,3.0,0.0,2.0,2024-12-10T14:27:39.716Z,402.0,930.0,1.0,3.0,1.0,1.0,21.0,1.0,1.0,0,67.0,3.0,2.3,0.0,0.0,0.0,1.0,0.0,1.0,1.0,1.0,1.0,0.0,0,1.0,1.0,1.0,2.0,0,3,1.0,3.0,0.0,0.0,0,8,9,5,3,6,1,11,-999,-1.0,-3.0,4.0,5.0,-4.0,-5.0,0.0,-5.0,2,3,2,-5,-5,0,-5,5,2,-5,-5,-5,5,-5,-3,-3,5,3,5,3,5,5,5,212143,212143.0
xvg,3.0,2.0,3.0,0.0,1.0,2024-12-10T14:27:39.955Z,450.0,300.0,4.0,3.0,1.0,1.0,18.0,1.0,1.0,0,78.0,1.0,3.3,0.0,0.0,0.0,1.0,1.0,1.0,1.0,1.0,1.0,0.0,0,2.0,0.0,2.0,0.0,0,3,1.0,3.0,0.0,0.0,0,8,8,3,3,8,1,11,7,3.0,3.0,2.0,3.0,1.0,-5.0,1.0,-4.0,1,4,0,-999,-3,0,-5,3,3,-5,-999,0,-2,-5,-4,-999,4,2,4,4,5,4,5,940533,940533.0
nrn,3.0,2.0,3.0,0.0,2.0,2024-12-10T14:27:40.076Z,500.0,250.0,3.0,1.0,1.0,1.0,19.0,1.0,1.0,0,21.0,2.0,2.3,0.0,0.0,0.0,1.0,0.0,1.0,1.0,1.0,0.0,0.0,0,1.0,1.0,2.0,0.0,0,3,1.0,1.0,0.0,0.0,0,8,9,4,4,7,2,11,11,-3.0,-4.0,4.0,4.0,-4.0,-5.0,-2.0,-5.0,2,4,3,-4,-4,4,-5,3,1,-5,-5,-4,3,-5,-5,-1,4,3,4,4,4,4,4,365116,365116.0
ebs,3.0,2.0,3.0,0.0,2.0,2024-12-10T14:27:40.904Z,320.0,200.0,1.0,1.0,1.0,1.0,19.0,2.0,1.0,0,78.0,2.0,3.0,0.0,0.0,0.0,1.0,0.0,1.0,1.0,1.0,1.0,0.0,0,2.0,0.0,2.0,0.0,0,4,1.0,1.0,0.0,0.0,0,8,9,5,4,7,2,11,3,-2.0,-3.0,4.0,3.0,-3.0,-5.0,-1.0,-3.0,3,2,0,-3,-4,4,-5,3,-2,-5,-5,-3,2,-5,-5,-5,4,3,5,3,4,3,4,514361,514361.0
3fv,2.0,5.0,3.0,0.0,2.0,2024-12-10T14:27:41.203Z,425.0,875.0,3.0,1.0,1.0,1.0,19.0,1.0,1.0,0,50.0,7.0,2.3,0.0,0.0,0.0,1.0,1.0,1.0,1.0,1.0,1.0,0.0,0,2.0,0.0,1.0,2.0,0,5,1.0,3.0,0.0,0.0,0,8,9,5,4,7,2,10,9,1.0,-1.0,2.0,2.0,-2.0,-5.0,-5.0,-5.0,1,3,1,-2,-3,0,-5,-1,-2,-5,-5,-2,4,-5,-4,-5,4,2,4,4,4,4,4,159164,159164.0
uge,3.0,1.0,3.0,0.0,1.0,2024-12-10T14:27:47.195Z,650.0,2300.0,3.0,-999.0,1.0,1.0,21.0,2.0,1.0,0,71.0,4.0,4.0,0.0,0.0,0.0,1.0,1.0,1.0,1.0,1.0,0.0,0.0,0,1.0,1.0,2.0,0.0,0,7,1.0,2.0,0.0,0.0,0,7,8,3,3,6,1,11,-999,4.0,4.0,-2.0,-4.0,3.0,-2.0,-5.0,-1.0,-4,-2,1,3,3,2,-2,-1,-4,-1,-5,3,-1,-3,-1,-3,5,4,5,3,4,4,4,347315,347315.0
av4,3.0,2.0,3.0,0.0,1.0,2024-12-10T14:27:42.053Z,550.0,1500.0,3.0,3.0,1.0,1.0,21.0,2.0,1.0,0,21.0,2.0,2.3,0.0,0.0,1.0,1.0,0.0,1.0,1.0,1.0,1.0,0.0,Threads,1.0,1.0,1.0,1.0,0,4,1.0,3.0,0.0,0.0,0,8,9,6,4,7,2,11,9,-2.0,-3.0,1.0,4.0,1.0,-5.0,2.0,-4.0,-2,0,2,-3,-3,1,-4,4,2,-5,-5,-3,3,-5,-4,-4,4,4,5,5,5,5,3,416076,416076.0
9ut,2.0,5.0,3.0,0.0,2.0,2024-12-10T14:27:42.257Z,380.0,1000.0,4.0,4.0,1.0,1.0,20.0,2.0,1.0,0,76.0,5.0,1.7,0.0,1.0,0.0,1.0,0.0,1.0,1.0,1.0,1.0,1.0,0,2.0,0.0,2.0,0.0,0,7,1.0,2.0,0.0,0.0,0,7,7,4,3,4,1,11,11,5.0,5.0,1.0,0.0,2.0,-5.0,-5.0,-5.0,2,-3,0,0,3,-4,3,0,-5,-5,-5,0,0,-5,-5,3,5,4,5,4,5,5,5,404360,404360.0
9fu,3.0,1.0,3.0,0.0,1.0,2024-12-10T14:27:43.000Z,0.0,8550.0,3.0,2.0,1.0,0.0,21.0,2.0,1.0,0,88.0,-999.0,1.0,0.0,1.0,1.0,1.0,0.0,1.0,1.0,1.0,0.0,1.0,0,2.0,0.0,1.0,0.0,0,11,1.0,4.0,0.0,0.0,0,4,6,3,1,-999,1,9,-999,1.0,1.0,-5.0,-5.0,2.0,-5.0,-5.0,-5.0,-5,-5,-5,-999,-5,-5,-999,-5,-5,-999,-5,-5,-5,-5,-5,-5,5,-999,5,-999,5,5,5,875117,875117.0
dyb,2.0,5.0,3.0,0.0,2.0,2024-12-10T14:27:42.735Z,570.0,1600.0,3.0,3.0,1.0,1.0,21.0,2.0,1.0,0,73.0,7.0,2.7,0.0,0.0,0.0,1.0,0.0,1.0,1.0,1.0,0.0,0.0,0,1.0,1.0,1.0,1.0,0,3,1.0,3.0,0.0,0.0,0,8,9,5,4,8,2,11,7,-4.0,-4.0,2.0,3.0,-3.0,-5.0,3.0,-4.0,1,3,3,-3,-4,-1,-5,4,4,-4,-5,-4,0,-5,-5,-5,4,4,4,4,4,4,4,604902,604902.0
kvq,3.0,2.0,3.0,0.0,2.0,2024-12-10T14:27:43.347Z,402.0,780.0,1.0,1.0,1.0,1.0,20.0,1.0,1.0,0,78.0,7.0,2.3,0.0,0.0,0.0,1.0,1.0,1.0,0.0,1.0,0.0,0.0,0,1.0,1.0,2.0,0.0,0,4,1.0,3.0,0.0,0.0,0,8,9,6,4,-999,2,11,1,-4.0,-5.0,3.0,4.0,-4.0,-5.0,0.0,-5.0,2,3,2,-4,-5,4,-5,2,0,-5,-5,-4,4,-5,-4,-5,5,2,3,3,4,5,4,727742,727742.0
mw9,3.0,2.0,3.0,0.0,2.0,2024-12-10T14:27:43.569Z,370.0,830.0,2.0,1.0,1.0,1.0,19.0,1.0,1.0,0,70.0,5.0,3.3,1.0,0.0,0.0,1.0,0.0,1.0,1.0,1.0,1.0,0.0,0,1.0,1.0,1.0,1.0,0,3,1.0,3.0,0.0,0.0,0,8,9,4,5,7,1,11,9,-3.0,-4.0,1.0,2.0,-2.0,-5.0,0.0,-5.0,-3,3,-2,-3,-4,0,-5,1,1,-5,-5,-3,2,-5,-5,-5,4,2,5,2,5,4,4,609498,609498.0
amu,3.0,2.0,3.0,0.0,1.0,2024-12-10T14:27:43.660Z,605.0,1205.0,4.0,4.0,1.0,1.0,20.0,1.0,-999.0,Politik-Verwaltung-Management ,64.0,7.0,2.0,0.0,0.0,1.0,1.0,0.0,1.0,1.0,1.0,0.0,0.0,0,1.0,1.0,1.0,1.0,0,6,1.0,3.0,0.0,0.0,0,9,10,5,6,8,2,-999,4,-5.0,-5.0,-3.0,2.0,0.0,-5.0,-3.0,-5.0,-4,5,1,-2,-5,-5,-5,3,-999,-5,-5,-5,2,-5,-5,-5,4,2,4,2,5,5,5,509305,509305.0
mbv,2.0,5.0,3.0,0.0,2.0,2024-12-10T14:27:43.958Z,0.0,50.0,4.0,1.0,1.0,1.0,19.0,2.0,1.0,0,78.0,4.0,2.7,0.0,0.0,0.0,1.0,1.0,1.0,0.0,1.0,1.0,0.0,0,1.0,1.0,2.0,0.0,0,8,1.0,2.0,0.0,0.0,0,8,8,5,2,6,1,10,-999,4.0,4.0,2.0,-5.0,3.0,3.0,-4.0,2.0,2,2,-4,4,4,-3,1,-1,-4,-5,-4,3,-4,4,2,-2,5,2,5,3,5,5,5,298470,298470.0
rxs,3.0,2.0,3.0,0.0,2.0,2024-12-10T14:27:43.958Z,360.0,520.0,3.0,3.0,1.0,1.0,20.0,1.0,1.0,0,79.0,3.0,3.0,1.0,0.0,0.0,1.0,1.0,1.0,0.0,1.0,1.0,0.0,0,1.0,1.0,1.0,1.0,0,3,1.0,3.0,0.0,0.0,0,8,9,4,4,7,2,11,7,-2.0,-3.0,4.0,4.0,-3.0,-5.0,4.0,-4.0,3,3,2,-4,-4,3,-5,3,2,-5,-5,-4,2,-5,-4,-5,4,3,4,3,4,4,4,296108,296108.0
yfk,2.0,5.0,3.0,0.0,2.0,2024-12-10T14:27:44.317Z,405.0,750.0,3.0,4.0,1.0,1.0,19.0,1.0,1.0,0,71.0,3.0,2.7,0.0,0.0,0.0,1.0,1.0,1.0,1.0,1.0,0.0,0.0,0,1.0,1.0,1.0,2.0,0,3,1.0,3.0,0.0,0.0,0,9,10,5,4,8,1,-999,9,-3.0,-4.0,3.0,4.0,-4.0,-5.0,2.0,-5.0,1,3,3,-5,-5,3,-5,4,-2,-5,-5,-5,4,-5,-5,-5,5,4,5,4,4,4,4,160281,160281.0
fqt,3.0,2.0,3.0,0.0,2.0,2024-12-10T14:27:44.639Z,470.0,500.0,1.0,1.0,1.0,1.0,23.0,2.0,4.0,0,71.0,1.0,-999.0,0.0,0.0,0.0,1.0,0.0,1.0,0.0,1.0,0.0,0.0,0,1.0,1.0,1.0,2.0,0,2,1.0,3.0,0.0,0.0,0,7,9,6,4,8,2,11,9,-1.0,-2.0,1.0,2.0,-3.0,-5.0,1.0,-5.0,-3,-3,1,-4,-2,1,-5,2,1,-5,-5,-2,0,-5,-5,-5,4,2,4,1,4,2,3,897596,897596.0
cyg,2.0,5.0,3.0,0.0,3.0,2024-12-10T14:27:45.438Z,530.0,530.0,4.0,3.0,1.0,1.0,22.0,2.0,1.0,Herr,78.0,7.0,3.0,0.0,0.0,0.0,1.0,0.0,1.0,1.0,1.0,1.0,1.0,0,1.0,1.0,1.0,2.0,0,5,1.0,3.0,0.0,0.0,0,8,9,4,4,6,1,11,8,1.0,-1.0,2.0,3.0,1.0,-5.0,-1.0,0.0,-1,0,0,2,1,-1,2,0,-4,-2,-5,1,2,-3,3,-5,4,2,4,2,5,5,4,152274,152274.0
3xt,2.0,5.0,3.0,0.0,2.0,2024-12-10T14:27:46.065Z,800.0,1000.0,1.0,4.0,1.0,1.0,18.0,2.0,1.0,0,78.0,7.0,2.0,0.0,0.0,0.0,1.0,0.0,1.0,1.0,1.0,0.0,0.0,0,2.0,0.0,2.0,0.0,0,8,1.0,2.0,0.0,0.0,0,8,9,5,4,8,1,11,9,3.0,4.0,0.0,-2.0,2.0,0.0,-4.0,0.0,-3,-1,0,1,2,-1,1,-1,-5,-5,-4,3,0,-1,-1,2,4,3,5,4,4,4,4,529971,529971.0
crq,3.0,2.0,3.0,0.0,2.0,2024-12-10T14:27:46.632Z,435.0,1000.0,1.0,1.0,1.0,1.0,19.0,1.0,1.0,0,72.0,1.0,2.0,0.0,0.0,0.0,1.0,0.0,1.0,1.0,1.0,1.0,0.0,0,1.0,1.0,1.0,2.0,0,4,1.0,3.0,0.0,0.0,0,8,9,5,3,10,2,-999,1,-3.0,-4.0,-1.0,4.0,-3.0,-5.0,2.0,-1.0,-3,3,-999,-4,-5,4,-5,3,2,-3,-999,-5,1,-5,-3,-4,4,2,3,1,4,4,4,667772,667772.0
qhv,3.0,2.0,3.0,0.0,2.0,2024-12-10T14:27:46.933Z,410.0,350.0,3.0,1.0,1.0,1.0,20.0,1.0,1.0,0,61.0,2.0,1.7,0.0,0.0,0.0,1.0,1.0,1.0,0.0,1.0,0.0,0.0,0,1.0,2.0,1.0,2.0,0,4,1.0,1.0,0.0,0.0,0,9,10,4,3,8,1,11,10,3.0,2.0,4.0,4.0,1.0,-5.0,-1.0,-5.0,3,4,4,1,3,4,-5,2,5,-5,-5,1,3,-5,-5,-1,1,4,4,3,4,5,5,881813,881813.0
3ya,3.0,1.0,5.0,0.0,1.0,2024-12-10T14:27:47.618Z,550.0,800.0,3.0,3.0,1.0,1.0,25.0,2.0,3.0,0,91.0,2.0,3.0,0.0,0.0,0.0,1.0,0.0,1.0,1.0,1.0,0.0,0.0,0,1.0,2.0,1.0,2.0,0,4,1.0,3.0,0.0,0.0,0,6,8,3,4,9,1,11,2,0.0,-1.0,4.0,4.0,-3.0,-5.0,1.0,0.0,2,1,0,-4,-1,-1,-4,1,1,-5,-5,-2,1,-5,0,-2,4,3,4,2,5,5,4,421965,421965.0
uqy,3.0,2.0,3.0,0.0,2.0,2024-12-10T14:27:49.831Z,320.0,700.0,2.0,3.0,1.0,1.0,19.0,1.0,1.0,0,12.0,7.0,4.0,0.0,0.0,0.0,1.0,0.0,1.0,1.0,1.0,1.0,0.0,0,1.0,1.0,1.0,2.0,0,2,1.0,5.0,0.0,0.0,0,8,8,6,4,7,2,-999,11,-5.0,-5.0,-3.0,-1.0,-4.0,-5.0,4.0,-4.0,-3,-3,-2,-4,-5,-5,-5,-1,0,-5,-5,-5,-2,-5,-4,-5,4,2,4,2,4,4,3,586534,586534.0
add,3.0,2.0,3.0,0.0,2.0,2024-12-10T14:27:51.314Z,400.0,940.0,4.0,4.0,1.0,1.0,19.0,1.0,1.0,0,72.0,7.0,2.3,0.0,0.0,0.0,1.0,0.0,0.0,1.0,1.0,0.0,0.0,0,1.0,1.0,1.0,2.0,0,2,1.0,5.0,0.0,0.0,0,9,10,5,4,10,1,-999,-999,-5.0,-5.0,5.0,4.0,-4.0,-5.0,5.0,-4.0,3,5,2,-5,-5,3,-5,3,2,-5,-5,-5,4,-5,-5,-5,5,2,3,2,5,5,4,440286,440286.0
qay,3.0,2.0,3.0,0.0,2.0,2024-12-10T14:27:52.175Z,410.0,840.0,3.0,0.0,0.0,0.0,22.0,1.0,1.0,0,79.0,7.0,2.7,0.0,0.0,0.0,1.0,1.0,1.0,1.0,1.0,1.0,0.0,0,1.0,2.0,1.0,1.0,0,3,1.0,5.0,0.0,0.0,0,4,6,4,5,4,2,11,-999,-2.0,-3.0,-1.0,0.0,-999.0,-5.0,1.0,-999.0,-3,1,0,-3,-5,2,-4,2,0,-5,-999,-3,1,-5,-5,-5,4,-999,4,3,4,3,2,668048,668048.0
udg,3.0,2.0,3.0,0.0,2.0,2024-12-10T14:27:52.381Z,0.0,400.0,1.0,2.0,1.0,1.0,19.0,1.0,1.0,0,89.0,3.0,2.7,0.0,0.0,0.0,0.0,0.0,1.0,1.0,1.0,1.0,0.0,0,2.0,0.0,1.0,1.0,0,5,1.0,8.0,0.0,0.0,0,7,7,3,3,4,1,11,11,-1.0,-2.0,3.0,3.0,-2.0,-5.0,-2.0,-5.0,-2,4,2,-2,-3,0,-5,4,1,-5,-5,-1,-2,-5,-5,-5,4,3,4,4,5,4,4,468333,468333.0
dph,3.0,1.0,5.0,0.0,1.0,2024-12-10T14:27:54.128Z,420.0,600.0,4.0,3.0,1.0,1.0,18.0,2.0,1.0,0,14.0,7.0,2.3,0.0,1.0,1.0,1.0,1.0,1.0,1.0,1.0,1.0,0.0,0,1.0,1.0,1.0,2.0,0,2,1.0,5.0,0.0,0.0,0,9,10,7,7,9,2,11,9,-4.0,-5.0,-2.0,-3.0,-5.0,-5.0,5.0,-3.0,1,2,-2,-5,-5,-4,-4,-1,1,0,-5,-5,0,-4,1,-5,5,2,5,2,4,4,4,541794,541794.0
kmw,3.0,2.0,3.0,0.0,2.0,2024-12-10T14:27:54.560Z,430.0,600.0,1.0,1.0,1.0,1.0,28.0,2.0,3.0,0,88.0,6.0,2.3,1.0,0.0,0.0,1.0,0.0,1.0,0.0,1.0,0.0,0.0,0,2.0,0.0,1.0,2.0,0,7,1.0,8.0,0.0,0.0,0,7,9,5,3,9,2,11,5,1.0,2.0,-3.0,-3.0,2.0,-1.0,-5.0,-1.0,-4,-5,0,1,0,-2,1,-2,-4,-5,-4,2,-3,-2,0,-5,3,3,2,3,4,4,4,608904,608904.0
3ab,3.0,2.0,3.0,0.0,1.0,2024-12-10T14:27:55.117Z,370.0,850.0,4.0,4.0,1.0,1.0,20.0,2.0,1.0,0,79.0,4.0,3.3,0.0,0.0,0.0,1.0,1.0,1.0,1.0,1.0,0.0,0.0,0,1.0,1.0,1.0,2.0,0,5,1.0,3.0,0.0,0.0,0,8,9,5,5,9,1,-999,2,-3.0,-3.0,2.0,3.0,-3.0,-5.0,-4.0,-5.0,1,4,3,-3,-4,0,-5,3,3,-5,-5,-3,3,-5,-5,-4,5,4,5,4,5,5,4,739571,739571.0
saf,2.0,5.0,3.0,0.0,2.0,2024-12-10T14:27:57.629Z,342.0,0.0,2.0,1.0,1.0,1.0,20.0,1.0,1.0,0,88.0,1.0,2.0,0.0,0.0,0.0,1.0,0.0,1.0,1.0,1.0,0.0,0.0,0,2.0,0.0,1.0,2.0,0,6,1.0,2.0,0.0,0.0,0,7,8,4,3,6,1,11,1,3.0,2.0,1.0,-2.0,-2.0,-5.0,-4.0,-5.0,0,4,3,0,0,1,-5,0,0,-5,-5,1,0,-5,-3,-3,4,3,4,3,4,4,4,742455,742455.0
nan,2.0,4.0,3.0,0.0,2.0,2024-12-10T14:27:58.308Z,570.0,0.0,4.0,3.0,1.0,1.0,20.0,1.0,1.0,0,81.0,5.0,2.3,0.0,0.0,0.0,1.0,0.0,1.0,1.0,1.0,1.0,0.0,0,2.0,0.0,1.0,2.0,0,3,1.0,8.0,0.0,0.0,0,8,9,6,4,7,1,-999,8,-3.0,-4.0,4.0,1.0,-4.0,-5.0,-999.0,-4.0,-4,3,-3,-5,-4,-5,-5,-4,5,-5,-5,-2,-2,-5,-1,-5,4,4,-999,-999,4,5,2,107871,107871.0
gga,3.0,2.0,3.0,1.0,2.0,2024-12-10T14:27:59.008Z,600.0,960.0,3.0,3.0,0.0,1.0,18.0,1.0,-999.0,0,0.0,8.0,2.7,0.0,1.0,0.0,1.0,0.0,1.0,0.0,1.0,1.0,0.0,0,2.0,0.0,2.0,0.0,0,6,4.0,0.0,3.0,0.0,0,-999,-999,6,8,-999,1,11,-999,-3.0,0.0,3.0,1.0,-5.0,-5.0,-5.0,-5.0,0,3,0,0,0,3,-4,0,-5,-2,0,-999,-999,-999,-999,0,2,-999,2,3,5,4,4,189380,189380.0
hnc,3.0,1.0,3.0,0.0,1.0,2024-12-10T14:27:59.455Z,400.0,450.0,2.0,3.0,1.0,1.0,19.0,2.0,4.0,0,72.0,4.0,1.3,0.0,0.0,0.0,1.0,0.0,1.0,1.0,1.0,1.0,0.0,0,2.0,0.0,1.0,1.0,0,3,1.0,3.0,0.0,0.0,0,8,8,3,3,4,1,11,11,-1.0,-1.0,3.0,3.0,-4.0,-5.0,-4.0,-5.0,-1,4,2,-2,-2,2,-5,5,3,-5,-5,-4,2,-5,-5,-5,5,5,5,4,5,5,5,752857,752857.0
ugr,3.0,1.0,3.0,0.0,1.0,2024-12-10T14:28:00.510Z,0.0,400.0,3.0,3.0,1.0,0.0,19.0,1.0,4.0,0,78.0,3.0,3.3,0.0,0.0,0.0,1.0,0.0,1.0,1.0,1.0,0.0,0.0,0,2.0,0.0,1.0,2.0,0,4,1.0,3.0,0.0,0.0,0,8,9,5,3,6,2,11,1,-5.0,-5.0,3.0,4.0,-5.0,-5.0,-3.0,-5.0,2,-999,3,-4,-5,2,-5,5,3,-5,-5,-4,4,-5,-5,0,5,4,4,3,3,4,4,818767,818767.0
dxp,3.0,2.0,3.0,0.0,1.0,2024-12-10T14:28:00.570Z,340.0,500.0,1.0,1.0,1.0,1.0,20.0,2.0,1.0,0,72.0,4.0,4.0,0.0,1.0,0.0,1.0,0.0,1.0,1.0,1.0,1.0,0.0,0,1.0,1.0,2.0,0.0,0,5,1.0,3.0,0.0,0.0,0,8,9,4,4,7,1,11,10,-3.0,-4.0,-1.0,2.0,-3.0,-5.0,0.0,-5.0,-2,0,-1,-3,-4,0,-3,3,0,-5,-5,-4,-1,-5,-5,-4,4,2,3,2,3,4,3,693413,693413.0
ktd,3.0,2.0,3.0,0.0,2.0,2024-12-10T14:28:02.665Z,350.0,400.0,3.0,3.0,1.0,1.0,18.0,1.0,4.0,0,88.0,4.0,3.0,0.0,0.0,0.0,1.0,0.0,1.0,0.0,1.0,1.0,0.0,Be real,1.0,1.0,1.0,1.0,0,3,1.0,3.0,0.0,0.0,0,8,9,5,3,8,2,11,10,-3.0,-4.0,3.0,4.0,-4.0,-5.0,3.0,-5.0,2,4,1,-3,-3,-3,-5,3,4,-5,-5,-4,3,-5,-5,0,4,2,4,2,4,4,4,161355,161355.0
evs,3.0,2.0,3.0,0.0,2.0,2024-12-10T14:28:05.620Z,550.0,1491.0,2.0,2.0,0.0,0.0,22.0,1.0,4.0,0,55.0,3.0,3.7,1.0,0.0,1.0,1.0,1.0,1.0,0.0,1.0,0.0,1.0,0,1.0,2.0,1.0,1.0,0,5,1.0,4.0,0.0,0.0,0,7,8,3,2,6,1,11,8,3.0,2.0,-1.0,-3.0,4.0,-4.0,-2.0,0.0,-3,-1,-1,5,-3,-1,-3,-3,0,-5,-5,0,-3,5,3,-1,5,2,4,1,3,-999,3,269020,269020.0
vrm,3.0,2.0,3.0,0.0,2.0,2024-12-10T14:28:05.746Z,430.0,300.0,3.0,3.0,1.0,1.0,20.0,1.0,1.0,0,64.0,7.0,2.7,0.0,0.0,0.0,1.0,0.0,1.0,1.0,1.0,0.0,0.0,0,1.0,1.0,1.0,1.0,0,4,1.0,3.0,0.0,0.0,0,7,8,6,4,6,1,11,8,-5.0,-5.0,2.0,4.0,-2.0,-5.0,2.0,-5.0,-3,3,1,-4,-5,3,-5,4,4,-5,-5,-5,2,-5,-4,-5,4,2,2,3,4,4,4,490591,490591.0
ack,3.0,1.0,3.0,0.0,2.0,2024-12-10T14:28:07.706Z,400.0,300.0,1.0,3.0,1.0,1.0,19.0,1.0,1.0,0,67.0,3.0,3.3,1.0,0.0,0.0,1.0,0.0,1.0,1.0,1.0,1.0,0.0,0,1.0,1.0,1.0,1.0,0,5,1.0,8.0,0.0,0.0,0,8,8,3,3,8,2,11,2,2.0,2.0,0.0,0.0,0.0,-5.0,-5.0,-5.0,-1,2,-3,2,-2,3,-3,-1,-999,-5,-5,-2,-2,-4,-4,-4,4,3,4,4,4,4,2,423691,423691.0
9he,3.0,2.0,3.0,0.0,2.0,2024-12-10T14:28:08.486Z,450.0,1000.0,3.0,1.0,1.0,1.0,23.0,1.0,3.0,0,75.0,4.0,2.0,0.0,0.0,0.0,1.0,0.0,1.0,1.0,1.0,0.0,0.0,0,2.0,0.0,1.0,1.0,0,7,1.0,2.0,0.0,0.0,0,7,8,2,3,9,2,11,6,3.0,3.0,-1.0,-3.0,1.0,-2.0,-3.0,1.0,-3,1,-3,-1,2,2,-3,-1,-3,-5,-5,1,-5,-3,1,-2,4,2,2,2,4,5,4,963237,963237.0
whx,3.0,1.0,3.0,1.0,1.0,2024-12-10T14:28:10.177Z,370.0,550.0,1.0,1.0,1.0,1.0,19.0,1.0,1.0,0,0.0,-999.0,-999.0,0.0,0.0,0.0,1.0,0.0,1.0,0.0,1.0,0.0,0.0,0,1.0,1.0,1.0,2.0,0,3,4.0,0.0,1.0,3.0,0,8,5,5,2,-999,2,11,1,-1.0,-1.0,1.0,4.0,-999.0,-4.0,-999.0,-4.0,1,3,-999,-999,-999,2,-4,-2,4,-4,-2,-999,-999,-999,-2,-5,2,-999,2,2,4,4,4,954113,954113.0
ecd,3.0,2.0,3.0,0.0,2.0,2024-12-10T14:28:09.552Z,410.0,900.0,3.0,2.0,1.0,1.0,19.0,1.0,1.0,0,73.0,7.0,-999.0,0.0,0.0,0.0,1.0,0.0,1.0,0.0,1.0,1.0,0.0,0,1.0,1.0,1.0,1.0,0,4,1.0,5.0,0.0,0.0,0,8,9,5,4,7,2,11,-999,-3.0,-4.0,2.0,4.0,-1.0,-5.0,3.0,-5.0,2,3,3,-2,-4,0,-5,4,5,-5,-5,-3,4,-5,-4,0,4,2,4,3,4,4,4,735036,735036.0
spg,2.0,5.0,3.0,0.0,2.0,2024-12-10T14:28:10.673Z,650.0,400.0,1.0,3.0,1.0,1.0,19.0,1.0,4.0,0,72.0,3.0,3.7,0.0,0.0,0.0,0.0,0.0,1.0,0.0,1.0,1.0,0.0,0,1.0,1.0,1.0,1.0,0,4,1.0,3.0,0.0,0.0,0,8,9,4,3,7,2,11,5,-3.0,-3.0,4.0,4.0,-1.0,-5.0,3.0,-5.0,3,3,3,-1,-2,0,-4,4,-1,-5,-5,-2,4,-5,-3,-3,4,3,5,4,4,4,4,747408,747408.0
h9x,3.0,1.0,5.0,0.0,1.0,2024-12-10T14:28:23.942Z,700.0,1100.0,3.0,3.0,1.0,1.0,19.0,1.0,1.0,0,71.0,3.0,2.7,0.0,0.0,0.0,1.0,0.0,1.0,1.0,1.0,0.0,0.0,0,1.0,1.0,2.0,0.0,0,5,1.0,3.0,0.0,0.0,0,7,9,5,4,7,2,11,1,0.0,-3.0,2.0,3.0,0.0,-5.0,-1.0,-4.0,0,2,2,-1,-3,3,-5,1,1,-5,-5,-4,4,-4,-4,-2,3,2,1,2,4,4,4,334251,334251.0
rbc,3.0,2.0,3.0,0.0,1.0,2024-12-10T14:28:14.087Z,342.0,855.0,3.0,3.0,1.0,0.0,19.0,2.0,1.0,0,72.0,6.0,2.3,0.0,0.0,0.0,0.0,1.0,1.0,0.0,1.0,0.0,1.0,Discord ,1.0,1.0,1.0,2.0,0,5,1.0,3.0,0.0,0.0,0,8,9,5,5,7,3,11,6,-4.0,-5.0,1.0,4.0,0.0,-5.0,5.0,-3.0,-5,0,2,-5,-5,0,-5,3,3,-5,-5,-5,2,-5,-5,-5,4,4,4,4,4,4,4,919434,919434.0
qx3,3.0,3.0,3.0,0.0,2.0,2024-12-10T14:28:14.190Z,0.0,300.0,2.0,1.0,1.0,1.0,19.0,1.0,1.0,0,78.0,1.0,3.3,0.0,0.0,0.0,1.0,0.0,1.0,0.0,1.0,0.0,0.0,0,1.0,1.0,1.0,1.0,0,3,1.0,3.0,0.0,0.0,0,8,9,4,3,7,1,11,7,-3.0,-5.0,4.0,4.0,-2.0,-5.0,2.0,-3.0,3,3,2,-5,-5,2,-5,4,0,-5,-5,-5,4,-5,-3,-5,5,2,5,3,4,3,4,205521,205521.0
hhb,3.0,2.0,3.0,0.0,2.0,2024-12-10T14:28:14.452Z,0.0,500.0,2.0,2.0,0.0,1.0,19.0,1.0,1.0,0,78.0,5.0,2.0,0.0,0.0,0.0,1.0,0.0,1.0,1.0,1.0,1.0,0.0,0,1.0,2.0,1.0,1.0,0,6,1.0,7.0,0.0,0.0,0,8,9,5,3,9,1,11,6,0.0,0.0,-1.0,-5.0,-2.0,0.0,0.0,-999.0,0,-2,-2,-2,-3,-5,1,0,3,4,-3,0,-5,-5,4,-5,4,2,4,2,5,4,4,122288,122288.0
hn9,3.0,2.0,3.0,0.0,2.0,2024-12-10T14:28:14.484Z,350.0,250.0,1.0,1.0,1.0,1.0,21.0,2.0,1.0,0,72.0,2.0,3.0,0.0,0.0,0.0,0.0,0.0,1.0,1.0,1.0,1.0,0.0,0,2.0,0.0,1.0,2.0,0,11,1.0,6.0,0.0,0.0,0,4,5,2,1,6,1,8,1,-4.0,-2.0,-5.0,-5.0,0.0,2.0,-5.0,-5.0,-4,-4,-4,1,-5,-5,4,-4,0,3,3,0,-4,1,-4,-5,5,1,5,1,5,5,5,165883,165883.0
bqh,3.0,2.0,3.0,0.0,2.0,2024-12-10T14:28:17.310Z,470.0,500.0,3.0,4.0,1.0,1.0,19.0,1.0,1.0,0,22.0,7.0,2.3,0.0,0.0,0.0,1.0,1.0,1.0,0.0,1.0,0.0,0.0,0,1.0,1.0,1.0,1.0,0,2,1.0,5.0,0.0,0.0,0,9,10,7,6,8,2,11,10,-4.0,-4.0,-2.0,2.0,-4.0,-5.0,4.0,-5.0,-3,4,1,-4,-5,3,-5,2,5,-5,-5,-4,3,-5,-3,-4,4,2,5,2,4,4,4,729572,729572.0
avr,3.0,1.0,3.0,1.0,1.0,2024-12-10T14:28:18.604Z,386.0,350.0,4.0,3.0,1.0,1.0,21.0,-999.0,-999.0,0,0.0,-999.0,2.7,0.0,0.0,0.0,0.0,0.0,1.0,0.0,1.0,0.0,0.0,0,1.0,1.0,1.0,2.0,0,3,4.0,0.0,1.0,3.0,0,-999,-999,-999,3,-999,3,11,-999,-999.0,-999.0,-999.0,-999.0,-999.0,-5.0,-999.0,-999.0,2,1,-999,-999,-999,2,-5,-999,5,-5,-999,-999,-999,-999,-999,-5,4,-999,1,-999,4,3,3,761844,761844.0
ucp,2.0,5.0,3.0,0.0,3.0,2024-12-10T14:28:19.468Z,785.0,1300.0,-999.0,2.0,-999.0,1.0,20.0,1.0,1.0,0,89.0,2.0,1.7,0.0,0.0,0.0,1.0,0.0,1.0,1.0,1.0,0.0,0.0,0,1.0,1.0,1.0,2.0,0,5,1.0,3.0,0.0,0.0,0,8,8,5,4,7,1,11,7,-3.0,-4.0,2.0,2.0,-1.0,-5.0,1.0,-5.0,1,4,3,-4,-4,0,-5,2,1,-5,-5,-5,0,-5,-5,-5,4,2,4,1,5,5,4,875768,875768.0
dxh,3.0,2.0,2.0,0.0,1.0,2024-12-10T14:28:21.596Z,390.0,750.0,3.0,2.0,1.0,1.0,20.0,2.0,1.0,0,40.0,2.0,3.0,0.0,0.0,0.0,1.0,1.0,1.0,1.0,1.0,0.0,0.0,0,2.0,0.0,2.0,0.0,0,7,1.0,4.0,0.0,0.0,0,8,8,5,4,6,1,11,10,4.0,4.0,0.0,-1.0,4.0,-5.0,-5.0,-5.0,-2,1,0,4,4,5,-3,-1,-3,-4,-5,4,0,-4,-5,-3,4,4,4,4,4,4,3,894498,894498.0
wfr,2.0,5.0,3.0,0.0,3.0,2024-12-10T14:28:24.238Z,0.0,800.0,2.0,2.0,1.0,0.0,21.0,2.0,4.0,0,0.0,6.0,2.7,0.0,1.0,0.0,1.0,0.0,1.0,1.0,1.0,0.0,0.0,0,2.0,0.0,2.0,0.0,0,8,1.0,2.0,0.0,0.0,0,6,7,4,2,7,1,10,1,4.0,4.0,-1.0,-5.0,3.0,-2.0,-5.0,-3.0,1,2,-2,3,4,-3,-4,-5,-5,-5,-2,2,-5,-1,-3,-3,4,3,4,2,4,5,3,753864,753864.0
fvy,3.0,2.0,3.0,0.0,2.0,2024-12-10T14:28:25.598Z,368.0,1100.0,1.0,3.0,1.0,1.0,20.0,2.0,1.0,0,88.0,5.0,2.0,0.0,0.0,0.0,0.0,0.0,1.0,0.0,1.0,0.0,0.0,0,1.0,1.0,2.0,0.0,0,3,1.0,3.0,0.0,0.0,0,9,9,5,4,8,2,11,-999,-4.0,-4.0,4.0,3.0,-4.0,-5.0,1.0,-3.0,-2,0,2,-4,-4,0,-5,4,-1,-5,-5,-4,-1,-5,-4,-5,3,3,4,4,4,4,4,724846,724846.0
b3p,3.0,2.0,3.0,0.0,1.0,2024-12-10T14:28:27.745Z,330.0,1200.0,3.0,1.0,1.0,1.0,25.0,1.0,3.0,0,88.0,1.0,2.3,0.0,0.0,1.0,1.0,1.0,1.0,1.0,1.0,0.0,0.0,0,1.0,1.0,1.0,2.0,0,4,1.0,3.0,0.0,0.0,0,6,6,4,3,8,2,11,1,-2.0,-2.0,4.0,5.0,-4.0,-5.0,-4.0,-5.0,0,3,2,-4,-1,5,-5,5,5,-5,-5,-2,4,-5,-5,0,4,4,-999,3,5,5,4,868506,868506.0
cnu,3.0,2.0,3.0,0.0,2.0,2024-12-10T14:28:28.309Z,600.0,800.0,3.0,3.0,-999.0,1.0,19.0,1.0,4.0,0,70.0,5.0,3.0,0.0,0.0,0.0,1.0,0.0,1.0,0.0,1.0,1.0,0.0,0,1.0,1.0,1.0,0.0,0,3,1.0,3.0,0.0,0.0,0,8,9,5,3,9,2,11,10,-4.0,-4.0,3.0,4.0,-4.0,-5.0,3.0,-5.0,3,3,2,-3,-4,-2,-5,4,3,-4,-5,-4,4,-5,-5,-999,4,4,4,4,3,4,4,896772,896772.0
xwx,3.0,1.0,3.0,0.0,1.0,2024-12-10T14:28:27.946Z,343.0,100.0,1.0,4.0,-999.0,1.0,20.0,2.0,1.0,0,79.0,6.0,2.7,0.0,0.0,0.0,1.0,0.0,1.0,1.0,1.0,0.0,0.0,BeReal,1.0,1.0,1.0,1.0,0,4,1.0,1.0,0.0,0.0,0,8,9,3,3,5,1,11,7,3.0,-2.0,5.0,2.0,-2.0,-5.0,0.0,1.0,4,3,4,-2,3,5,1,5,-4,-5,-5,4,3,-3,1,-4,5,4,4,4,4,3,4,586553,586553.0
9rd,3.0,2.0,3.0,0.0,2.0,2024-12-10T14:28:29.498Z,490.0,1000.0,1.0,2.0,1.0,1.0,23.0,2.0,1.0,0,71.0,1.0,2.3,0.0,0.0,0.0,1.0,0.0,1.0,1.0,1.0,0.0,0.0,0,2.0,0.0,1.0,2.0,0,9,1.0,2.0,0.0,0.0,0,8,9,6,4,5,2,10,3,2.0,1.0,-1.0,-2.0,1.0,1.0,-1.0,-1.0,-4,-2,1,-1,2,0,-1,-2,-4,-5,-5,2,-5,2,-3,0,4,2,4,2,4,4,3,398728,398728.0
hmu,3.0,1.0,2.0,0.0,1.0,2024-12-10T14:28:28.095Z,0.0,200.0,1.0,1.0,1.0,1.0,18.0,1.0,4.0,0,78.0,4.0,4.0,0.0,0.0,0.0,1.0,0.0,1.0,1.0,1.0,1.0,0.0,0,1.0,1.0,1.0,1.0,0,2,1.0,1.0,0.0,0.0,0,9,10,4,2,11,1,-999,10,-4.0,-4.0,-999.0,5.0,-5.0,-5.0,3.0,-5.0,3,4,1,-4,-5,-2,-5,4,2,-5,-5,-5,4,-5,2,-999,3,2,3,4,4,5,4,769683,769683.0
dnk,3.0,1.0,3.0,0.0,1.0,2024-12-10T14:28:34.180Z,370.0,650.0,1.0,1.0,1.0,1.0,19.0,1.0,1.0,0,73.0,4.0,2.3,0.0,0.0,1.0,1.0,0.0,1.0,1.0,1.0,0.0,0.0,0,2.0,0.0,1.0,1.0,0,0,1.0,3.0,0.0,0.0,0,9,10,5,4,9,2,-999,10,-3.0,-4.0,3.0,4.0,-4.0,-5.0,0.0,-5.0,-1,1,0,-4,-5,0,-5,4,0,-5,-5,-5,3,-5,-5,-5,4,2,5,2,5,5,5,660453,660453.0
kry,3.0,2.0,3.0,0.0,2.0,2024-12-10T14:28:34.345Z,0.0,400.0,4.0,3.0,1.0,1.0,18.0,1.0,1.0,0,78.0,2.0,3.0,0.0,0.0,0.0,1.0,0.0,1.0,1.0,1.0,1.0,0.0,0,1.0,1.0,1.0,2.0,0,5,1.0,8.0,0.0,0.0,0,8,9,5,3,8,1,11,4,-1.0,-3.0,2.0,4.0,3.0,-5.0,3.0,0.0,-1,5,0,-3,-3,-5,-5,0,4,0,0,-4,0,-5,-1,0,3,1,1,-999,5,4,4,912762,912762.0
ahn,3.0,2.0,3.0,0.0,2.0,2024-12-10T14:28:38.593Z,330.0,1000.0,4.0,1.0,1.0,0.0,22.0,1.0,1.0,0,0.0,4.0,3.0,1.0,0.0,0.0,1.0,0.0,1.0,1.0,1.0,0.0,0.0,0,2.0,0.0,1.0,2.0,0,5,1.0,3.0,0.0,0.0,0,9,10,5,4,7,1,11,6,-4.0,-5.0,2.0,3.0,-5.0,-5.0,-3.0,-3.0,2,4,-3,-5,-5,-4,-5,3,0,-5,-5,-5,-2,-5,0,-5,5,2,4,3,4,3,1,476632,476632.0
4yx,3.0,1.0,3.0,0.0,1.0,2024-12-10T14:28:41.718Z,600.0,1000.0,1.0,1.0,0.0,0.0,27.0,1.0,3.0,0,89.0,4.0,2.3,0.0,0.0,0.0,1.0,0.0,1.0,1.0,1.0,0.0,0.0,BeReal,2.0,0.0,1.0,2.0,0,3,1.0,3.0,0.0,0.0,0,7,8,4,4,7,3,10,2,-1.0,-2.0,0.0,3.0,-4.0,-5.0,3.0,-4.0,-1,1,3,-4,-5,-2,-4,3,0,-5,-5,-1,3,-4,-4,-999,4,2,4,1,5,5,5,101546,101546.0
tuw,3.0,1.0,4.0,0.0,1.0,2024-12-10T14:28:42.450Z,700.0,1200.0,4.0,4.0,1.0,1.0,19.0,2.0,1.0,0,55.0,4.0,2.7,0.0,0.0,1.0,1.0,0.0,1.0,0.0,1.0,0.0,0.0,Discord,1.0,2.0,1.0,2.0,0,3,1.0,3.0,0.0,0.0,0,9,10,5,3,10,1,11,10,-3.0,-4.0,3.0,5.0,-4.0,-5.0,2.0,-5.0,0,3,2,-4,-4,4,-5,5,4,-5,-5,-4,5,-5,-5,-5,5,4,5,4,5,5,5,363743,363743.0
sbf,3.0,2.0,3.0,0.0,2.0,2024-12-10T14:43:16.993Z,0.0,0.0,3.0,1.0,1.0,1.0,20.0,2.0,4.0,0,97.0,3.0,2.7,0.0,0.0,0.0,0.0,0.0,1.0,0.0,1.0,0.0,0.0,0,2.0,0.0,2.0,0.0,0,6,1.0,2.0,0.0,0.0,0,6,6,8,4,8,1,11,2,4.0,5.0,1.0,3.0,-3.0,-5.0,-2.0,-3.0,2,3,4,-4,4,5,-4,2,5,-5,-5,5,3,-5,0,-1,4,3,4,3,5,3,3,493830,493830.0
yqq,3.0,2.0,3.0,0.0,2.0,2024-12-10T14:28:46.210Z,820.0,400.0,3.0,4.0,1.0,1.0,20.0,1.0,1.0,0,79.0,7.0,3.7,0.0,0.0,0.0,1.0,0.0,1.0,0.0,1.0,0.0,0.0,0,1.0,1.0,1.0,1.0,0,5,1.0,1.0,0.0,0.0,0,8,9,6,4,8,2,-999,3,2.0,-4.0,4.0,3.0,1.0,-5.0,-1.0,-5.0,3,4,0,-4,-5,-3,-5,1,3,-5,-5,-2,-999,-5,-5,-5,3,2,4,2,3,4,4,742292,742292.0
wng,3.0,2.0,3.0,0.0,2.0,2024-12-10T14:29:06.242Z,540.0,300.0,1.0,2.0,1.0,1.0,19.0,1.0,1.0,0,72.0,7.0,-999.0,0.0,0.0,0.0,1.0,0.0,1.0,1.0,1.0,1.0,0.0,0,2.0,0.0,1.0,2.0,0,4,1.0,7.0,0.0,0.0,0,6,6,4,3,8,1,-999,9,3.0,2.0,0.0,-4.0,-2.0,-2.0,0.0,2.0,-3,4,0,1,0,0,-3,-3,-3,-5,0,0,0,0,0,0,5,2,5,2,5,5,5,725784,725784.0
vxf,3.0,2.0,3.0,0.0,2.0,2024-12-10T14:29:07.870Z,365.0,400.0,1.0,4.0,0.0,1.0,21.0,2.0,4.0,0,0.0,7.0,2.3,0.0,0.0,0.0,0.0,0.0,1.0,0.0,1.0,0.0,0.0,0,1.0,1.0,1.0,1.0,0,6,1.0,3.0,0.0,0.0,0,7,8,4,3,6,2,11,5,-4.0,-5.0,5.0,-999.0,-3.0,-5.0,-4.0,-5.0,-999,-999,-999,-2,-3,-999,-5,-999,3,-5,-5,-3,-999,-5,-5,-3,1,1,1,1,1,1,2,975959,975959.0
uwx,3.0,2.0,3.0,0.0,2.0,2024-12-10T14:29:15.187Z,402.0,500.0,2.0,3.0,0.0,1.0,20.0,2.0,1.0,0,78.0,1.0,3.7,0.0,1.0,0.0,1.0,0.0,1.0,1.0,1.0,1.0,0.0,0,2.0,0.0,1.0,2.0,0,5,1.0,1.0,0.0,0.0,0,7,8,5,4,7,2,10,9,2.0,-2.0,3.0,0.0,-2.0,-5.0,-1.0,-3.0,1,1,1,-2,-4,1,-3,2,0,-2,-4,-3,1,-3,-3,-4,4,4,3,3,3,4,3,738942,738942.0
4kk,3.0,1.0,3.0,0.0,1.0,2024-12-10T14:29:31.072Z,580.0,900.0,-999.0,3.0,1.0,-999.0,24.0,2.0,4.0,0,88.0,1.0,3.0,0.0,0.0,0.0,1.0,0.0,1.0,0.0,0.0,0.0,0.0,0,1.0,1.0,1.0,1.0,0,7,1.0,1.0,0.0,0.0,0,8,9,5,4,6,2,10,2,2.0,-4.0,3.0,0.0,3.0,-5.0,-3.0,-5.0,0,4,2,1,-2,4,-5,-3,-5,-5,-5,-5,-3,-5,-5,-3,5,3,5,2,4,4,4,710176,710176.0
4rp,3.0,2.0,3.0,0.0,1.0,2024-12-10T14:42:40.332Z,0.0,900.0,3.0,3.0,1.0,1.0,21.0,2.0,1.0,0,78.0,4.0,2.7,0.0,0.0,0.0,1.0,0.0,1.0,1.0,1.0,0.0,0.0,0,2.0,0.0,1.0,2.0,0,8,1.0,4.0,0.0,0.0,0,8,9,4,1,10,2,-999,7,2.0,2.0,0.0,-2.0,4.0,-5.0,-5.0,-5.0,-4,0,-1,-2,-3,-2,-5,-5,-5,-5,-5,-3,-4,-2,-3,-2,2,1,4,1,4,4,4,722021,722021.0
ukm,3.0,2.0,3.0,0.0,2.0,2024-12-10T14:42:50.381Z,633.0,2000.0,4.0,3.0,1.0,1.0,20.0,2.0,1.0,0,74.0,7.0,3.0,0.0,0.0,0.0,1.0,0.0,1.0,0.0,1.0,0.0,0.0,0,1.0,1.0,1.0,2.0,0,7,1.0,8.0,0.0,0.0,0,8,9,6,5,10,1,11,9,3.0,-2.0,3.0,1.0,0.0,-5.0,-5.0,-5.0,2,3,5,0,-4,4,-3,5,4,-4,-5,1,-3,-5,-5,0,4,4,5,4,4,4,4,189952,189952.0
duv,2.0,5.0,3.0,1.0,3.0,2024-12-10T14:42:53.326Z,500.0,800.0,3.0,3.0,1.0,1.0,22.0,1.0,-999.0,0,71.0,-999.0,-999.0,0.0,1.0,1.0,1.0,0.0,1.0,0.0,1.0,1.0,1.0,0,2.0,0.0,1.0,2.0,0,8,2.0,0.0,0.0,0.0,0,6,7,4,2,4,1,10,-999,2.0,2.0,-2.0,-4.0,-3.0,0.0,-5.0,-999.0,-5,4,-999,-4,-3,-3,-4,-999,-5,-5,-3,-3,-5,-3,-5,-999,2,1,2,1,3,4,4,832694,832694.0
tpf,3.0,1.0,3.0,0.0,1.0,2024-12-10T14:43:00.295Z,0.0,0.0,1.0,3.0,1.0,1.0,28.0,2.0,2.0,0,88.0,4.0,2.7,1.0,0.0,0.0,1.0,0.0,1.0,0.0,1.0,0.0,0.0,0,2.0,0.0,1.0,0.0,0,6,1.0,6.0,0.0,0.0,0,5,6,3,1,5,1,8,1,2.0,5.0,-5.0,-5.0,-3.0,4.0,-5.0,0.0,-5,-5,-5,3,2,-5,5,-5,-5,3,2,3,-5,3,3,1,3,1,2,1,4,4,4,697168,697168.0
eh3,2.0,4.0,3.0,0.0,2.0,2024-12-10T14:43:15.062Z,500.0,750.0,3.0,1.0,1.0,0.0,21.0,2.0,1.0,0,83.0,1.0,1.7,0.0,0.0,1.0,1.0,0.0,1.0,1.0,1.0,0.0,0.0,0,1.0,1.0,1.0,1.0,0,8,1.0,2.0,0.0,0.0,0,7,8,3,1,7,1,11,9,5.0,5.0,-2.0,-5.0,5.0,-5.0,-4.0,-3.0,-5,0,-5,5,5,-2,2,-4,-5,-5,-5,5,-5,-5,-5,1,4,2,4,4,5,5,5,282715,282715.0
ycm,2.0,5.0,3.0,0.0,2.0,2024-12-10T14:45:21.530Z,0.0,530.0,2.0,3.0,1.0,1.0,20.0,2.0,1.0,0,0.0,5.0,1.7,0.0,0.0,0.0,1.0,0.0,1.0,1.0,1.0,0.0,0.0,0,1.0,1.0,1.0,1.0,0,5,1.0,2.0,0.0,0.0,0,7,8,5,4,8,3,11,6,2.0,1.0,2.0,3.0,-3.0,-5.0,1.0,-5.0,1,-1,2,-5,1,0,-5,2,-1,-5,-5,0,1,-5,-3,-5,4,3,4,3,5,5,4,831578,831578.0
ny3,3.0,2.0,3.0,1.0,1.0,2024-12-10T14:46:40.590Z,550.0,400.0,3.0,3.0,0.0,0.0,23.0,1.0,1.0,0,0.0,8.0,-999.0,1.0,0.0,0.0,1.0,0.0,1.0,0.0,1.0,1.0,0.0,0,2.0,0.0,1.0,2.0,0,3,1.0,3.0,0.0,0.0,0,9,9,5,4,8,2,11,8,-5.0,-5.0,-1.0,-1.0,-5.0,-5.0,-5.0,-5.0,-3,1,-999,-999,-999,2,-5,-3,4,-5,-999,-2,-1,-5,-5,-5,4,3,4,3,4,4,4,704460,704460.0
vkv,3.0,2.0,3.0,0.0,1.0,2024-12-10T14:46:58.778Z,325.0,1600.0,-999.0,3.0,-999.0,1.0,21.0,2.0,1.0,0,0.0,1.0,3.3,1.0,1.0,1.0,1.0,0.0,1.0,0.0,1.0,1.0,1.0,0,1.0,0.0,1.0,2.0,0,7,4.0,0.0,1.0,2.0,0,8,8,4,3,9,2,-999,1,2.0,2.0,2.0,3.0,3.0,-5.0,-5.0,-5.0,2,4,4,4,3,5,-3,3,2,-5,-999,-2,4,-5,-5,5,4,4,4,4,5,4,4,986136,986136.0
gcu,2.0,5.0,3.0,0.0,3.0,2024-12-10T14:51:43.737Z,330.0,400.0,3.0,3.0,1.0,1.0,21.0,2.0,4.0,0,69.0,2.0,2.0,0.0,1.0,0.0,1.0,0.0,1.0,1.0,1.0,0.0,0.0,0,1.0,2.0,1.0,2.0,0,4,1.0,3.0,0.0,0.0,0,7,8,5,3,6,2,10,-999,1.0,0.0,3.0,4.0,1.0,-5.0,2.0,-3.0,2,-999,4,-2,0,1,-4,5,-999,-5,-5,-2,4,-5,-3,-3,4,3,4,4,4,4,4,527136,527136.0
knc,2.0,5.0,3.0,0.0,3.0,2024-12-10T16:08:09.065Z,530.0,1000.0,1.0,1.0,1.0,1.0,21.0,1.0,-999.0,Politik Verwaltung Management ,87.0,4.0,2.3,0.0,0.0,0.0,1.0,0.0,1.0,0.0,1.0,0.0,0.0,0,1.0,1.0,1.0,1.0,0,3,1.0,3.0,0.0,0.0,0,6,7,5,3,6,2,11,5,-4.0,-4.0,1.0,3.0,-3.0,-5.0,2.0,-3.0,2,3,3,-3,-4,0,-5,5,3,-5,-5,-2,-1,-5,-3,-4,4,3,4,2,4,4,4,166579,166579.0
dbk,2.0,5.0,3.0,0.0,1.0,2024-12-10T15:06:27.432Z,450.0,450.0,1.0,2.0,1.0,1.0,19.0,1.0,1.0,0,88.0,2.0,3.3,0.0,0.0,0.0,1.0,0.0,1.0,1.0,1.0,1.0,0.0,0,2.0,0.0,2.0,0.0,0,5,1.0,8.0,0.0,0.0,0,8,8,6,3,6,1,11,-999,-1.0,-1.0,2.0,2.0,1.0,-4.0,2.0,-3.0,3,4,2,-1,-3,0,-5,3,1,-5,-4,0,2,-3,-1,-999,4,2,4,2,4,4,4,557883,557883.0
